Workbook

Sheet Table of Contents
B2: PATHOPHYSIOLOGY OF DEHYDRATION & FLUID BALANCE
B3: Interactive Self-Assessment Quiz | Version 2.0 (Purified Dehydration Content)
B5: WORKBOOK OVERVIEW & STRUCTURE
B6: Sheet Name | C6: Target Audience | D6: Description & Purpose
B7: Table of Contents | C7: All Users | D7: Workbook architecture, formatting key, and study instructions.
B8: Interactive Quiz | C8: Students | D8: 30-question interactive assessment with dynamic scoring scorecard and immediate validation feedback.
B9: Answer Key & Explanations | C9: Instructors / Review | D9: Master answer key with comprehensive board-style pathophysiological rationales.
B12: THE 3-TIER COGNITIVE CURRICULUM LADDER
B13: Cognitive Level | C13: Question Count | D13: Percentage | E13: Core Learning Focus
B14: Level 1: Must-Know (Basic) | C14: 15 Questions (Q1 - Q15) | D14: 50% | E14: Fluid compartments (ECF/ICF), total body water, 3 dehydration types, serum Na+ cutoffs, and physical signs.
B15: Level 2: Should-Know (Intermediate) | C15: 9 Questions (Q16 - Q24) | D15: 30% | E15: Fluid compartment shifts (swelling vs shrinkage), etiologies (diuretics, Addison's, DI), early shock mechanics, and IV fluid choices.
B16: Level 3: Advanced (Nice-to-Know) | C16: 6 Questions (Q25 - Q30) | D16: 20% | E16: Urinary sodium (<10 vs >20 mmol/L), non-osmotic ADH override, colloid vs crystalloid pressure, and dehydration fever mechanics.
B19: COLOR-CODING LEGEND
B20: Cell Style | C20: Color Sample | D20: Meaning / Usage
B21: Input Cell | C21: Light Blue | D21: Student choice entry cell (data validation dropdown constrained to A, B, C, D, E).
B22: Computed Cell | C22: Light Green | D22: Automated formula cell (scorecard calculations, accuracy check feedback).
B23: Read-Only Cell | C23: White / Zebra Gray | D23: Question stems, multiple choice options, and explanatory text.

Sheet Interactive Quiz
B2: PATHOPHYSIOLOGY OF DEHYDRATION - INTERACTIVE QUIZ
B4: STUDENT SCORECARD & PERFORMANCE SUMMARY
B5: Questions Attempted: | C5: =COUNTA(I9:I38) | E5: Correct Answers: | F5: =COUNTIF(J9:J38, "*Correct*") | H5: Overall Score: | I5: =IF(C5=0, 0, F5/30)
B6: Instructions: Select your answer choice (A, B, C, D, or E) from the dropdown menu in Column I. The feedback column will automatically grade your entry.
A8: Q# | B8: Cognitive Level | C8: Question Stem & Multiple Choice Options | H8: Your Answer | I8: Validation Feedback
A9: 1 | B9: Level 1: Must-Know (Basic) | C9: In a healthy adult with average body composition, what approximate percentage of total body weight is made up of Total Body Water (TBW)? A) 40% | B) 50% | C) 60% | D) 75% | E) 85% | I9: =IF(ISBLANK(H9), "", IF(H9='Answer Key & Explanations'!C9, "✅ Correct Response", "❌ Incorrect (See Key)"))
A10: 2 | B10: Level 1: Must-Know (Basic) | C10: Which of the following electrolyte pairs correctly identifies the dominant cation in the Extracellular Fluid (ECF) and Intracellular Fluid (ICF), respectively? A) ECF: Potassium (K+) | ICF: Sodium (Na+) | B) ECF: Sodium (Na+) | ICF: Potassium (K+) | C) ECF: Calcium (Ca2+) | ICF: Magnesium (Mg2+) | D) ECF: Chloride (Cl-) | ICF: Bicarbonate (HCO3-) | E) ECF: Phosphate (PO43-) | ICF: Sodium (Na+) | I10: =IF(ISBLANK(H10), "", IF(H10='Answer Key & Explanations'!C10, "✅ Correct Response", "❌ Incorrect (See Key)"))
A11: 3 | B11: Level 1: Must-Know (Basic) | C11: How is Total Body Water (TBW) distributed between the Extracellular Fluid (ECF) and Intracellular Fluid (ICF) compartments? A) ECF: 1/3 of TBW (20% body weight) | ICF: 2/3 of TBW (40% body weight) | B) ECF: 2/3 of TBW (40% body weight) | ICF: 1/3 of TBW (20% body weight) | C) ECF: 1/2 of TBW (30% body weight) | ICF: 1/2 of TBW (30% body weight) | D) ECF: 1/4 of TBW (15% body weight) | ICF: 3/4 of TBW (45% body weight) | E) ECF: 1/10 of TBW (6% body weight) | ICF: 9/10 of TBW (54% body weight) | I11: =IF(ISBLANK(H11), "", IF(H11='Answer Key & Explanations'!C11, "✅ Correct Response", "❌ Incorrect (See Key)"))
A12: 4 | B12: Level 1: Must-Know (Basic) | C12: A patient with severe acute diarrhea presents with a serum sodium concentration of 122 mmol/L and plasma osmolality of 260 mOsm/L. How is this type of dehydration classified? A) Isotonic dehydration | B) Hypertonic dehydration | C) Hypotonic dehydration (hypovolemic hyponatremia) | D) Normonatremic dehydration | E) Hypervolemic hyponatremia | I12: =IF(ISBLANK(H12), "", IF(H12='Answer Key & Explanations'!C12, "✅ Correct Response", "❌ Incorrect (See Key)"))
A13: 5 | B13: Level 1: Must-Know (Basic) | C13: What is the serum sodium concentration range that defines Isotonic Dehydration? A) < 120 mmol/L | B) < 130 mmol/L | C) 130 to 150 mmol/L | D) 150 to 165 mmol/L | E) > 165 mmol/L | I13: =IF(ISBLANK(H13), "", IF(H13='Answer Key & Explanations'!C13, "✅ Correct Response", "❌ Incorrect (See Key)"))
A14: 6 | B14: Level 1: Must-Know (Basic) | C14: A patient who was trapped in a hot desert without water for 3 days presents with severe thirst, fever, and confusion. Laboratory results show a serum sodium of 158 mmol/L and osmolality of 330 mOsm/L. What is the diagnosis? A) Hypotonic dehydration | B) Isotonic dehydration | C) Hypertonic dehydration (hypovolemic hypernatremia) | D) Iso-osmolar fluid overload | E) Hypovolemic hyponatremia | I14: =IF(ISBLANK(H14), "", IF(H14='Answer Key & Explanations'!C14, "✅ Correct Response", "❌ Incorrect (See Key)"))
A15: 7 | B15: Level 1: Must-Know (Basic) | C15: Which of the following physical examination findings is a universal sign of extracellular fluid (ECF) volume depletion? A) Pitting peripheral edema | B) Decreased skin turgor (skin tenting) and sunken eyes | C) Jugular venous distension (JVD) | D) Pulmonary rales/crackles | E) High blood pressure with bounding pulse | I15: =IF(ISBLANK(H15), "", IF(H15='Answer Key & Explanations'!C15, "✅ Correct Response", "❌ Incorrect (See Key)"))
A16: 8 | B16: Level 1: Must-Know (Basic) | C16: What is the primary organ responsible for regulated physiological water excretion in the human body? A) Lungs (insensible evaporation) | B) Skin (sweat glands) | C) Gastrointestinal tract (feces) | D) Kidneys (urine output) | E) Salivary glands | I16: =IF(ISBLANK(H16), "", IF(H16='Answer Key & Explanations'!C16, "✅ Correct Response", "❌ Incorrect (See Key)"))
A17: 9 | B17: Level 1: Must-Know (Basic) | C17: How does an increased body fat content (obesity) affect the percentage of Total Body Water (TBW) relative to body weight? A) Increases TBW percentage because fat tissue stores abundant water. | B) Decreases TBW percentage because adipose tissue has very low water content. | C) Has no effect on TBW percentage. | D) Doubles TBW percentage in both males and females. | E) Increases ICF water volume while eliminating ECF volume. | I17: =IF(ISBLANK(H17), "", IF(H17='Answer Key & Explanations'!C17, "✅ Correct Response", "❌ Incorrect (See Key)"))
A18: 10 | B18: Level 1: Must-Know (Basic) | C18: Which fluid sub-compartment constitutes approximately 1/4 of the Extracellular Fluid (ECF) volume (or ~5% of body weight)? A) Intracellular fluid (ICF) | B) Interstitial fluid | C) Intravascular plasma volume | D) Transcellular fluid (CSF/synovial) | E) Lymphatic fluid | I18: =IF(ISBLANK(H18), "", IF(H18='Answer Key & Explanations'!C18, "✅ Correct Response", "❌ Incorrect (See Key)"))
A19: 11 | B19: Level 1: Must-Know (Basic) | C19: In an infant with severe gastroenteritis, loss of equal proportions of water and sodium results in which type of fluid disturbance? A) Isotonic dehydration | B) Hypotonic dehydration | C) Hypertonic dehydration | D) Pure water excess | E) Hypernatremic dehydration | I19: =IF(ISBLANK(H19), "", IF(H19='Answer Key & Explanations'!C19, "✅ Correct Response", "❌ Incorrect (See Key)"))
A20: 12 | B20: Level 1: Must-Know (Basic) | C20: What is the normal physiological range for serum/plasma osmolality in humans? A) 100 – 150 mOsm/kg | B) 200 – 250 mOsm/kg | C) 280 – 310 mOsm/kg | D) 350 – 400 mOsm/kg | E) 450 – 500 mOsm/kg | I20: =IF(ISBLANK(H20), "", IF(H20='Answer Key & Explanations'!C20, "✅ Correct Response", "❌ Incorrect (See Key)"))
... A38: 30 | B38: Level 3: Advanced (Nice-to-Know) | C38: During physiological compensation for isotonic dehydration, how does the Renin-Angiotensin-Aldosterone System (RAAS) act to restore volume balance? A) Angiotensin II causes renal vasodilation and aldosterone inhibits sodium reabsorption. | B) Renin cleavage of angiotensinogen leads to Angiotensin II vasoconstriction and Aldosterone insertion of ENaC channels in collecting ducts. | C) RAAS suppresses proximal tubule bicarbonate reabsorption. | D) Aldosterone stimulates renal excretion of both sodium and water. | E) Renin directly inserts aquaporin-4 channels into vascular endothelium. | I38: =IF(ISBLANK(H38), "", IF(H38='Answer Key & Explanations'!C38, "✅ Correct Response", "❌ Incorrect (See Key)"))

Sheet Answer Key & Explanations
B2: MASTER ANSWER KEY & PATHOPHYSIOLOGICAL RATIONALES
B3: Instructor Portal | Detailed board-style clinical explanations for post-quiz review.
A8: Q# | B8: Cognitive Tier | C8: Correct Choice | D8: Pathophysiological Rationale & Clinical Mechanism
A9: 1 | B9: Level 1: Must-Know (Basic) | C9: C | D9: In a normal adult, total body water (TBW) accounts for approximately 60% of body weight. This percentage varies with age, sex, and body fat content (higher in infants, lower in females and obese individuals).
A10: 2 | B10: Level 1: Must-Know (Basic) | C10: B | D10: Sodium (Na+) is the primary cation in the extracellular fluid (ECF) responsible for maintaining ECF volume, whereas potassium (K+) is the dominant cation in the intracellular fluid (ICF).
A11: 3 | B11: Level 1: Must-Know (Basic) | C11: A | D11: Total body water is divided into ICF (2/3 of TBW, or 40% of total body weight) and ECF (1/3 of TBW, or 20% of total body weight).
A12: 4 | B12: Level 1: Must-Know (Basic) | C12: C | D12: Hypotonic dehydration occurs when sodium loss exceeds water loss, characterized by serum sodium <130 mmol/L and plasma osmolality <280 mOsm/L.
A13: 5 | B13: Level 1: Must-Know (Basic) | C13: C | D13: Isotonic dehydration involves proportionate losses of water and sodium, maintaining serum sodium within the normal physiological range of 130–150 mmol/L and plasma osmolality between 280–310 mOsm/L.
A14: 6 | B14: Level 1: Must-Know (Basic) | C14: C | D14: Hypertonic dehydration occurs when water loss exceeds sodium loss, resulting in serum sodium >150 mmol/L and plasma osmolality >310 mOsm/L.
A15: 7 | B15: Level 1: Must-Know (Basic) | C15: B | D15: Extracellular fluid volume deficit manifests as decreased skin turgor, sunken fontanelles in infants, sunken eyeballs, dry mucous membranes, and postural hypotension.
A16: 8 | B16: Level 1: Must-Know (Basic) | C16: D | D16: While lungs, skin, and GI tract contribute to water loss, the kidneys are the primary regulatory organs that dynamically adjust urine volume and osmolality to maintain fluid homeostasis.
A17: 9 | B17: Level 1: Must-Know (Basic) | C17: B | D17: Adipose tissue is essentially water-free (~10% water) compared to lean muscle tissue (~75% water). Therefore, obese individuals have a significantly lower TBW percentage compared to lean individuals.
A18: 10 | B18: Level 1: Must-Know (Basic) | C18: C | D18: ECF is divided into Interstitial Fluid (3/4 of ECF, ~15% of body weight) and Intravascular Plasma (1/4 of ECF, ~5% of body weight).
A19: 11 | B19: Level 1: Must-Know (Basic) | C19: A | D19: Balanced loss of solute and water maintains normal serum sodium concentrations (130–150 mmol/L), producing isotonic dehydration.
A20: 12 | B20: Level 1: Must-Know (Basic) | C20: C | D20: Normal plasma osmolality is strictly maintained between 280 and 310 mOsm/kg (or mOsm/L), primarily governed by sodium, glucose, and urea concentrations.
... A38: 30 | B38: Level 3: Advanced (Nice-to-Know) | C38: B | D38: Renal hypoperfusion activates RAAS: Angiotensin II causes systemic vasoconstriction and stimulates aldosterone, which upregulates apical ENaC channels and basolateral Na+-K+ ATPase in principal cells to maximize renal sodium and water retention.
