Workbook

Sheet TOC
B2: STUDENT STUDY PORTAL: ENDOCRINE SYSTEM
B3: Course Syllabus, Study Guide, & Interactive Quiz (v2)
B4: Generated 2026-09-02 | Grounded in Endocrine-1.pdf
B6: COURSE COMPONENT MAP
B7: Tab Name | C7: Target Difficulty Level | D7: Pedagogical Focus / Objectives | E7: Quick Navigation Link
B8: Interactive Quiz | C8: 50% Basic | 30% Should-Know | 20% Advanced | D8: Interactive portal containing 30 board-style multiple-choice questions (5 options each) with real-time grading & scoreboard. | E8: Go to Quiz →
B9: Answer Key & Explanations | C9: Instructor Portal / Explanations | D9: Contains the complete correct answer mapping and master textbook-level physiological rationales for student self-review. | E9: Go to Answers →
B11: SPREADSHEET COLOR CODING LEGEND
B12: Input cells (Editable student answers)
B13: Formula-computed results (Read-only output)
B14: Core headers & navigation tags

Sheet Interactive Quiz
B2: STUDENT SCOREBOARD & CLINICAL GRADE CARD
B4: Questions Attempted (Out of 30): | C4: =COUNTA(H10:H39) | E4: Correct Responses: | F4: =COUNTIF(I10:I39, "*Correct*") | H4: Final Score (%): | I4: =IF(C4=0, 0, F4/30)
B8: Q# | C8: Difficulty Level | D8: Physiological Assessment / Clinical Vignette Question | E8: Answer Choice Options (Select letter in Column H) | H8: Your Answer (A-E) | I8: Real-Time Grade Response
B10: 1 | C10: Basic (Must-Know) | D10: Which of the following endocrine organs is situated at the base of the brain, acts as the master coordinating 'conductor' of the endocrine system, and secretes regulatory hypophysiotropic hormones? | E10: A) Anterior Pituitary Gland B) Posterior Pituitary Gland C) Thalamus D) Hypothalamus E) Thyroid Gland | I10: =IF(ISBLANK(H10), "", IF(H10='Answer Key & Explanations'!C9, "✅ Correct Response", "❌ Incorrect (See Key)"))
B11: 2 | C11: Basic (Must-Know) | D11: What is the primary difference in transmission speed and spatial specificity between neural and endocrine communication? | E11: A) Neural is rapid and highly targeted; endocrine is slower and broadcasted systemically through blood. B) Neural is slow and broadcasted; endocrine is rapid and highly localized. C) Neural operates over hours; endocrine operates in milliseconds. D) Both utilize identical electrical circuits with no difference in speed or distribution. E) Neural communication reaches all tissues simultaneously; endocrine is point-to-point. | I11: =IF(ISBLANK(H11), "", IF(H11='Answer Key & Explanations'!C10, "✅ Correct Response", "❌ Incorrect (See Key)"))
B12: 3 | C12: Basic (Must-Know) | D12: Which of the following best describes the synthesis and storage characteristics of hydrophilic peptide hormones (Group II)? | E12: A) Synthesized on demand from cholesterol and cannot be stored. B) Synthesized in the cytoplasm as active amines and stored in lipid droplets. C) Synthesized as inactive preprohormones, processed, and stored in membrane-bound secretory vesicles. D) Produced only in response to a drop in nuclear receptor transcription with zero storage capacity. E) Synthesized inside the mitochondria and released via simple passive diffusion instantly. | I12: =IF(ISBLANK(H12), "", IF(H12='Answer Key & Explanations'!C11, "✅ Correct Response", "❌ Incorrect (See Key)"))
B13: 4 | C13: Basic (Must-Know) | D13: Which of the following classifications correctly pairs hormone group with its solubility characteristics? | E13: A) Group I is hydrophilic (water-soluble); Group II is lipophilic (lipid-soluble). B) Group I is lipophilic (hydrophobic); Group II is hydrophilic (lipophobic). C) Both Group I and Group II are entirely insoluble in both water and organic solvents. D) Group I dissolves freely in blood plasma; Group II requires specialized transport carrier proteins. E) Group I hormones have cell-surface receptors; Group II hormones have nuclear receptors. | I13: =IF(ISBLANK(H13), "", IF(H13='Answer Key & Explanations'!C12, "✅ Correct Response", "❌ Incorrect (See Key)"))
B14: 5 | C14: Basic (Must-Know) | D14: In a classic negative feedback loop, such as the HPT axis, what is the 'long-loop' feedback effect? | E14: A) Hypothalamic releasing hormones acting locally to inhibit their own further release. B) Pituitary tropic hormones traveling back to inhibit hypothalamic releasing factor secretion. C) Target tissues upregulating cell-surface receptors to increase hormone clearance. D) Pituitary tropic hormones stimulating the target gland to overproduce hormones. E) The final peripheral target hormone traveling in the blood to inhibit releasing and tropic secretion from both the hypothalamus and pituitary. | I14: =IF(ISBLANK(H14), "", IF(H14='Answer Key & Explanations'!C13, "✅ Correct Response", "❌ Incorrect (See Key)"))
B15: 6 | C15: Basic (Must-Know) | D15: Where are the posterior pituitary hormones, Vasopressin (ADH) and Oxytocin, originally synthesized? | E15: A) In the magnocellular neurons of the hypothalamus. B) In the chromophobe cells of the anterior pituitary. C) In the epithelial cells of Rathke's pouch. D) In the adrenal cortex glomerulosa cells. E) Inside the secretory granules of the posterior pituitary pituicytes. | I15: =IF(ISBLANK(H15), "", IF(H15='Answer Key & Explanations'!C14, "✅ Correct Response", "❌ Incorrect (See Key)"))
B16: 7 | C16: Basic (Must-Know) | D16: Which of the following is the primary plasma carrier protein for Thyroxine (T4) and Triiodothyronine (T3)? | E16: A) Corticosteroid-Binding Globulin (CBG) B) Thyroxine-Binding Globulin (TBG) C) Sex Hormone-Binding Globulin (SHBG) D) Lipoprotein Lipase (LPL) E) Transferrin | I16: =IF(ISBLANK(H16), "", IF(H16='Answer Key & Explanations'!C15, "✅ Correct Response", "❌ Incorrect (See Key)"))
B17: 8 | C17: Basic (Must-Know) | D17: What is the absolute requirement for a cell to be considered a 'target cell' for a specific circulating hormone? | E17: A) It must be located adjacent to the secreting endocrine gland. B) It must express specific GLUT-4 glucose transporters on its plasma membrane. C) It must express high-affinity, functional receptors specific to that hormone. D) It must be derived from neural crest ectoderm embryonic tissue. E) It must possess active Na+/K+ ATPase pumps on its nuclear membrane. | I17: =IF(ISBLANK(H17), "", IF(H17='Answer Key & Explanations'!C16, "✅ Correct Response", "❌ Incorrect (See Key)"))
B18: 9 | C18: Basic (Must-Know) | D18: In the secretion of peptide hormones, what intracellular event serves as the universal direct trigger for secretory vesicle exocytosis? | E18: A) Activation of nuclear histone deacetylase (HDAC). B) Passive efflux of chloride ions across the cell membrane. C) Phosphorylation of the steroid hormone response element (HRE). D) Influx of extracellular Calcium ions (Ca2+) raising cytosolic levels. E) Nuclear translocation of unliganded receptor monomers. | I18: =IF(ISBLANK(H18), "", IF(H18='Answer Key & Explanations'!C17, "✅ Correct Response", "❌ Incorrect (See Key)"))
B19: 10 | C19: Basic (Must-Know) | D19: Which of the following is considered the master anabolic hormone responsible for energy storage and fuel retention in the fed state? | E19: A) Insulin B) Glucagon C) Cortisol D) Growth Hormone E) Epinephrine | I19: =IF(ISBLANK(H19), "", IF(H19='Answer Key & Explanations'!C18, "✅ Correct Response", "❌ Incorrect (See Key)"))
B20: 11 | C20: Basic (Must-Know) | D20: What is the primary physiological function of Glucagon secreted by pancreatic alpha-cells? | E20: A) To stimulate skeletal muscle GLUT-4 translocation to clear glucose. B) To promote fatty acid synthesis and lipogenesis in visceral fat cells. C) To mobilize stored glycogen and drive hepatic glucose output during hypoglycemia. D) To inhibit the HPT axis and slow down basal metabolic rate. E) To trigger protein synthesis and cellular mitosis across all systemic tissues. | I20: =IF(ISBLANK(H20), "", IF(H20='Answer Key & Explanations'!C19, "✅ Correct Response", "❌ Incorrect (See Key)"))
B21: 12 | C21: Basic (Must-Know) | D21: The selective autoimmune T-cell-mediated destruction of pancreatic beta-cells in Type 1 Diabetes is a classic clinical example of which mechanism of endocrine disease? | E21: A) Hormone Excess (Hyperfunction) B) Hormone Deficiency (Hypofunction) C) Hormone Resistance (Insensitivity) D) Ectopic Hormone Production E) Target Cell Receptor Hypersensitivity | I21: =IF(ISBLANK(H21), "", IF(H21='Answer Key & Explanations'!C20, "✅ Correct Response", "❌ Incorrect (See Key)"))
... B39: 30 | C39: Advanced (Nice-to-Know) | D39: While negative feedback dominates endocrine regulation, positive feedback is utilized in rare, unstable cycles. What is the classic physiological trigger that initiates the LH surge prior to ovulation? | E39: A) A sudden, severe drop in progesterone levels from the corpus luteum. B) High, sustained levels of progesterone acting on the anterior pituitary. C) Rapid, pulsatile surges of somatostatin from the hypothalamus. D) High, sustained levels of estrogen (estradiol) secreted by the mature follicle, which temporarily switches pituitary feedback from negative to positive. E) Direct sympathetic electrical discharge from the splanchnic nerves. | I39: =IF(ISBLANK(H39), "", IF(H39='Answer Key & Explanations'!C38, "✅ Correct Response", "❌ Incorrect (See Key)"))

Sheet Answer Key & Explanations
B2: INSTRUCTOR PORTAL & DETAILED PATHOPHYSIOLOGICAL EXPLANATIONS
B4: Use this sheet to verify your answers and self-assess using the comprehensive physiological rationales derived from Endocrine-1.pdf.
B8: Q# | C8: Correct Option | D8: Textbook-Level Board Review & Physiologic Rationale
B9: 1 | C9: D | D9: The hypothalamus is situated at the base of the brain and acts as the master integrating center or 'conductor' of the endocrine system, regulating the anterior pituitary through hypophysiotropic releasing hormones (such as CRH, TRH, and GnRH).
B10: 2 | C10: A | D10: Neural communication is high-speed and spatially targeted (point-to-point electrical/chemical), whereas endocrine communication is slower, broader, and broadcasted systemically through the bloodstream.
B11: 3 | C11: C | D11: Peptide hormones are synthesized as inactive preprohormones in the ribosomes/RER, processed into prohormones and mature hormones in the Golgi, and stored in membrane-bound vesicles until calcium-triggered exocytosis.
B12: 4 | C12: B | D12: Group I hormones are lipophilic (hydrophobic/lipid-soluble) and include steroids and thyroid hormones. Group II hormones are hydrophilic (lipophobic/water-soluble) and include peptides and catecholamines.
B13: 5 | C13: E | D13: Long-loop negative feedback occurs when the final peripheral target hormone (e.g., Thyroxine or Cortisol) travels in the systemic circulation to inhibit further secretion from both the master hypothalamus and pituitary gland.
B14: 6 | C14: A | D14: Vasopressin (ADH) and Oxytocin are synthesized in the cell bodies of magnocellular neurons located in the supraoptic (SON) and paraventricular (PVN) nuclei of the hypothalamus. They are then transported down unmyelinated axons and stored in Herring bodies in the posterior pituitary.
B15: 7 | C15: B | D15: Thyroid hormones (T3/T4) are lipophilic and poorly soluble in water; they are transported in the circulation bound primarily to Thyroxine-Binding Globulin (TBG), as well as albumin and transthyretin.
B16: 8 | C16: C | D16: Endocrine hormones are broadcasted systemically to all tissues. Specificity is dictated solely by whether a cell expresses a functional, high-affinity receptor that can bind and translate that specific hormone signal.
B17: 9 | C17: D | D17: Exocytosis of stored peptide hormones and neurotransmitters is universally triggered by membrane depolarization opening voltage-gated Calcium channels, leading to a rapid influx of extracellular Ca2+ that drives vesicle fusion.
B18: 10 | C18: A | D18: Insulin is the primary anabolic 'hormone of storage' released in response to postprandial hyperglycemia. It stimulates the storage of glucose as glycogen (glycogenesis) and fat as triglycerides (lipogenesis).
B19: 11 | C19: C | D19: Glucagon is released during hypoglycemia/fasting. It binds to GPCRs on hepatocytes to stimulate glycogen breakdown (glycogenolysis) and gluconeogenesis, releasing glucose into the blood to maintain glycemic balance.
B20: 12 | C20: B | D20: Type 1 Diabetes Mellitus involves a primary hormone deficiency (hypofunction) resulting from progressive, chronic autoimmune destruction of the insulin-producing pancreatic beta-cells.
... B38: 30 | C38: D | D38: During most of the menstrual cycle, estrogen exerts negative feedback. However, as the dominant follicle matures, it secretes extremely high, sustained levels of estradiol. Once estrogen exceeds a specific threshold for more than 36 hours, it triggers a brief positive feedback loop on the hypothalamus and pituitary, driving the massive LH surge that triggers ovulation.
