Workbook

Sheet Table of Contents
A1: SURGERY (FP-2) MASTER EXAM QUIZ & SUMMARY DATABASE WORKBOOK
A2: Generated: 2026-10-04 | Version v1.0 | Final MBBS Surgical Examination Review
A4: WORKBOOK NAVIGATION & MODULE ARCHITECTURE
A5: Tab Name | B5: Target Portal | C5: Description | D5: Hyperlink
A6: Table of Contents | B6: Overview Portal | C6: Version stamp, formatting legend, and navigation directory. | D6: =HYPERLINK("#'Table of Contents'!A1", "Go to TOC →")
A7: Interactive Quiz (Student) | B7: Student Portal | C7: 30 high-yield clinical MCQs with automated scorecard & real-time grade checks. | D7: =HYPERLINK("#'Interactive Quiz (Student)'!A1", "Start Quiz →")
A8: Answer Key & Explanations | B8: Instructor Portal | C8: Correct answers (A-E) and deeply grounded clinical textbook explanations. | D8: =HYPERLINK("#'Answer Key & Explanations'!A1", "View Key →")
A9: Summary Database | B9: Master Database | C9: Extractable master database table of 20+ core surgical conditions across 7 headers. | D9: =HYPERLINK("#'Summary Database'!A1", "Open Database →")
A11: FORMATTING & CELL STYLE LEGEND
A12: Light Blue (#DCE6F1) | B12: Student Input Cells | C12: Column H in Quiz Tab — Protected with Data Validation dropdowns (A, B, C, D, E).
A13: Light Green (#E2EFDA) | B13: Computed Formula Cells | C13: Automated Scorecard (Rows 4-6) & Real-Time Grade evaluation (Column I).
A14: Zebra Gray (#F2F2F2) | B14: Alternate Data Rows | C14: Applied across alternating rows for optical readability across wide tables.
A15: Dark Navy (#2F5496) | B15: Header Banners & Totals | C15: Main section title banners and total scorecard highlights.

Sheet Interactive Quiz (Student)
A1: SURGERY (FP-2) INTERACTIVE 30-QUESTION CLINICAL QUIZ
A3: AUTOMATED SCORECARD & PERFORMANCE SUMMARY
A4: Questions Attempted: | B4: =COUNTA(H9:H38)
A5: Correct Answers: | B5: =COUNTIF(I9:I38, "*Correct*")
A6: Overall Grade %: | B6: =IF(B4=0, 0, B5/30)
A8: Q# | B8: Clinical Case Scenario & Question Prompt | C8: Option A | D8: Option B | E8: Option C | F8: Option D | G8: Option E | H8: Your Answer | I8: Real-Time Grade
A9: 1 | B9: A 34-year-old male presents with fresh blood vomiting x2 (amount ~1L). Vital signs show BP 110/70 mmHg and HR 115/min. Which fluid is most appropriate to expand circulatory volume prior to blood delivery? | C9: Packed cell | D9: Fresh Frozen Plasma | E9: Cryoprecipitate | F9: Gelofusine | G9: 25% Human Albumin | I9: =IF(ISBLANK(H9), "", IF(H9='Answer Key & Explanations'!C3, "✅ Correct", "❌ Incorrect (See Key)"))
A10: 2 | B10: How is Cerebral Perfusion Pressure (CPP) strictly defined in neurotrauma management? | C10: Venous pressure minus intracranial pressure | D10: Systolic BP minus diastolic BP | E10: Systolic BP minus venous pressure | F10: Mean arterial BP minus venous pressure | G10: Mean arterial blood pressure minus intracranial pressure | I10: =IF(ISBLANK(H10), "", IF(H10='Answer Key & Explanations'!C4, "✅ Correct", "❌ Incorrect (See Key)"))
A11: 3 | B11: Which of the following is a definitive, immediate indication for major lower limb amputation? | C11: Rest pain | D11: Wet gangrene | E11: Spreading cellulitis | F11: Joint contracture | G11: Painless useful limb | I11: =IF(ISBLANK(H11), "", IF(H11='Answer Key & Explanations'!C5, "✅ Correct", "❌ Incorrect (See Key)"))
A12: 4 | B12: Which statement regarding acute burn evaluation and depth is TRUE? | C12: Deep dermal burns heal within 2 weeks without surgery | D12: Burn depth, % TBSA, and smoke inhalation are key parameters in burn assessment | E12: Capillary refill is absent in superficial burns | F12: Alkalis usually result in superficial thickness burns | G12: Fat burns are deeper than electrical contact burns | I12: =IF(ISBLANK(H12), "", IF(H12='Answer Key & Explanations'!C6, "✅ Correct", "❌ Incorrect (See Key)"))
A13: 5 | B13: Regarding the clinical features of gastric cancer, which statement is FALSE? | C13: May present with a hard palpable left supraclavicular node | D13: Should be given empirical palliative treatment with proton-pump inhibitor | E13: May simulate features of benign gastric ulcer | F13: Requires gastroscopic examination even when barium meal is normal | G13: Requires investigation by barium meal examination | I13: =IF(ISBLANK(H13), "", IF(H13='Answer Key & Explanations'!C7, "✅ Correct", "❌ Incorrect (See Key)"))
A14: 6 | B14: A 67-year-old man presents with recurrent terminal hematuria, fevers, and urethral purulent discharge. On examination, the prostate is swollen and tender. What is the most likely diagnosis? | C14: Nephritis | D14: Cystitis | E14: Benign Prostatic Hyperplasia | F14: Prostate cancer | G14: Prostatitis | I14: =IF(ISBLANK(H14), "", IF(H14='Answer Key & Explanations'!C8, "✅ Correct", "❌ Incorrect (See Key)"))
A15: 7 | B15: According to NICE guidelines, CT head scan is indicated within 8 hours following mild head injury for patients with which feature? | C15: Loss of consciousness at time of injury | D15: Low energy mechanism of injury | E15: Age over 65 or presence of a clotting disorder | F15: Single episode of vomiting | G15: Ongoing mild headache | I15: =IF(ISBLANK(H15), "", IF(H15='Answer Key & Explanations'!C9, "✅ Correct", "❌ Incorrect (See Key)"))
A16: 8 | B16: Which of the following clinical signs is NOT evidence of a basal skull fracture? | C16: Battle's sign | D16: Periorbital bruising (Raccoon eyes) | E16: Unequal pupils (Anisocoria) | F16: CSF rhinorrhoea | G16: CSF otorrhoea | I16: =IF(ISBLANK(H16), "", IF(H16='Answer Key & Explanations'!C10, "✅ Correct", "❌ Incorrect (See Key)"))
A17: 9 | B17: Which complication is specifically defined as an irreducible hernia where the blood supply to contents is seriously impaired? | C17: Strangulated Hernia | D17: Obstructed Hernia | E17: Richter's Hernia | F17: Inflamed Hernia | G17: Incarcerated Hernia | I17: =IF(ISBLANK(H17), "", IF(H17='Answer Key & Explanations'!C11, "✅ Correct", "❌ Incorrect (See Key)"))
A18: 10 | B18: A patient is diagnosed with adenocarcinoma at the hepatic flexure. What is the standard radical surgical resection required? | C18: Extended Right hemi-colectomy | D18: Right hemi-colectomy | E18: Sigmoid Colectomy | F18: Transverse colectomy | G18: Left hemi-colectomy | I18: =IF(ISBLANK(H18), "", IF(H18='Answer Key & Explanations'!C12, "✅ Correct", "❌ Incorrect (See Key)"))
A19: 11 | B19: Which compensatory mechanism initially maintains normal ICP in the presence of an expanding intracranial mass in adults? | C19: Increase in CSF production | D19: Sunsetting eyes phenomenon | E19: Reduction of brain tissue volume | F19: Reduction in venous blood volume and CSF | G19: Increase in rigid skull volume | I19: =IF(ISBLANK(H19), "", IF(H19='Answer Key & Explanations'!C13, "✅ Correct", "❌ Incorrect (See Key)"))
A20: 12 | B20: Which of the following is NOT a systemic cause of secondary brain injury? | C20: Pyrexia | D20: Hypotension | E20: Raised Intracranial Pressure | F20: Seizure | G20: Hypoxia | I20: =IF(ISBLANK(H20), "", IF(H20='Answer Key & Explanations'!C14, "✅ Correct", "❌ Incorrect (See Key)"))
... A38: 30 | B38: Which life-threatening thoracic condition is routinely identified during the Secondary Survey rather than the ATLS Primary Survey? | C38: Flail chest | D38: Pulmonary contusion | E38: Tension pneumothorax | F38: Cardiac tamponade | G38: Massive hemothorax | I38: =IF(ISBLANK(H38), "", IF(H38='Answer Key & Explanations'!C32, "✅ Correct", "❌ Incorrect (See Key)"))

Sheet Answer Key & Explanations
A1: SURGERY (FP-2) ANSWER KEY & CLINICAL EXPLANATIONS
A2: Q# | B2: Question Topic Summary | C2: Correct Answer | D2: Deeply Grounded Clinical Explanation | E2: Source Reference
A3: 1 | B3: A 34-year-old male presents with fresh blood vomiting x2 (am... | C3: D | D3: In acute Stage II hemorrhage where crystalloid resuscitation needs supplementation before blood arrives, colloids like Gelofusine remain entirely within the intravascular space, rapidly expanding circulatory volume. | E3: 12. Upper GI Bleeding(M1W6).pdf & Exam Q6
A4: 2 | B4: How is Cerebral Perfusion Pressure (CPP) strictly defined in... | C4: E | D4: Cerebral Perfusion Pressure is defined by the standard physiological formula: CPP = MAP - ICP. | E4: 21. Head Injury and Increased ICP(M1W8).pdf & Exam Q2
A5: 3 | B5: Which of the following is a definitive, immediate indication... | C5: B | D5: Wet gangrene represents dead, infected, unsalvageable tissue causing life-threatening sepsis, making urgent amputation mandatory to save the patient's life. | E5: 9. Ischaemic limbs(M1W3).pdf & Exam Q3
A6: 4 | B6: Which statement regarding acute burn evaluation and depth is... | C6: B | D6: Triage and clinical management of acute burns depend strictly on three core parameters: burn depth (degree), total body surface area (% TBSA), and presence of inhalational injury. | E6: 7. Burns and Scalds(M1W2).pdf & Exam Q4
A7: 5 | B7: Regarding the clinical features of gastric cancer, which sta... | C7: B | D7: Empirical PPI therapy is false/contraindicated prior to endoscopy in suspected gastric cancer because it alleviates symptoms and masks malignancy, delaying definitive diagnosis. | E7: 15. CA Stomach(M1W6).pdf & Exam Q5
A8: 6 | B8: A 67-year-old man presents with recurrent terminal hematuria... | C8: E | D8: The triad of terminal hematuria, fever with purulent urethral discharge, and a tender prostate on DRE is diagnostic of acute bacterial prostatitis. | E8: 29. AROU and BPH(M1W12).pdf & Exam Q7
A9: 7 | B9: According to NICE guidelines, CT head scan is indicated with... | C9: C | D9: NICE head injury guidelines mandate a CT head scan within 8 hours for patients aged > 65 years or those with a coagulopathy/clotting disorder. | E9: 21. Head Injury and Increased ICP(M1W8).pdf & Exam Q8
A10: 8 | B10: Which of the following clinical signs is NOT evidence of a b... | C10: C | D10: Unequal pupils indicate uncal herniation compressing the 3rd cranial nerve due to raised ICP, whereas Battle's sign, raccoon eyes, and CSF leaks are signs of basal skull fracture. | E10: 43. HEAD INJURY(M2W9).pdf & Exam Q44/Q30
A11: 9 | B11: Which complication is specifically defined as an irreducible... | C11: A | D11: A strangulated hernia is specifically defined as an irreducible hernia with arterial and venous vascular compromise leading to bowel ischemia and infarction. | E11: 25. Hernia(M1W10).pdf & Exam Q45
A12: 10 | B12: A patient is diagnosed with adenocarcinoma at the hepatic fl... | C12: A | D12: Tumors at the hepatic flexure require ligation of the ileocolic, right colic, and middle colic arteries, dictating an Extended Right Hemi-colectomy for lymphatic clearance. | E12: 22. Intestinal_obstruction...pdf & Exam Q46
A13: 11 | B13: Which compensatory mechanism initially maintains normal ICP ... | C13: D | D13: Under the Monro-Kellie doctrine, an expanding mass lesion is initially buffered by displacement of venous blood and cerebrospinal fluid (CSF) out of the cranial vault. | E13: 21. Head Injury and Increased ICP(M1W8).pdf & Exam Q47
A14: 12 | B14: Which of the following is NOT a systemic cause of secondary ... | C14: D | D14: Hypoxia, hypotension, and raised ICP are direct systemic causes of secondary cerebral ischemia, whereas Seizure is classified as a clinical feature/manifestation. | E14: 21. Head Injury and Increased ICP(M1W8).pdf & Exam Q48
... A32: 30 | B32: Which life-threatening thoracic condition is routinely ident... | C32: B | D32: Primary survey identifies immediately lethal chest injuries (Tension/Open pneumothorax, Flail chest, Massive hemothorax, Cardiac tamponade). Pulmonary contusion evolves over time and is diagnosed in the Secondary Survey. | E32: 20. Abdominal injuries, Chest injury...pdf & Exam Q10

Sheet Summary Database
A1: SURGERY (FP-2) MASTER SUMMARY DATABASE
A2: Entity / Condition | B2: Category | C2: Sub-Category | D2: Key Characteristics & Etiology | E2: Primary Mechanism & Pathophysiology | F2: Clinical Manifestations & Red Flags | G2: Diagnostic Markers & Primary Management
A3: Acute Ascending Cholangitis | B3: Hepatobiliary | C3: Biliary Emergency | D3: Common bile duct stone or stricture with enteric bacterial infection (E. coli, Klebsiella). | E3: Biliary stasis and increased intraductal pressure leading to bacterial translocation into systemic circulation. | F3: Charcot's Triad (RUQ pain, fever with rigors, jaundice); Reynolds' Pentad (adds hypotension and altered mental status). | G3: USG shows dilated CBD (>6mm) and stones; LFTs show conjugated hyperbilirubinemia & ALP > 3x. Management: IV fluids, broad-spectrum IV antibiotics, urgent ERCP sphincterotomy/stenting.
A4: Acute Ischemic Limb | B4: Vascular Surgery | C4: Arterial Occlusion | D4: Embolism (atrial fibrillation, post-MI) or acute thrombosis on pre-existing atherosclerosis. | E4: Sudden cessation of arterial perfusion resulting in tissue hypoxia, muscle ischemia, and nerve damage within 6 hours. | F4: The 6 Ps: Pain, Pallor, Pulselessness, Paresthesia, Paralysis, Perishingly cold. Red Flag: Muscle rigidity and complete sensory loss. | G4: Handheld Doppler / CT Angiography. Management: IV Heparin bolus, emergency Fogarty catheter embolectomy or arterial bypass surgery.
A5: Carcinoma of Esophagus | B5: Gastrointestinal Oncology | C5: Esophageal Malignancy | D5: Squamous Cell (tobacco, alcohol, caustic stricture) or Adenocarcinoma (GERD, Barrett's esophagus). | E5: Malignant transmural invasion lacking serosal barrier, leading to early mediastinal and lymphatic dissemination. | F5: Progressive dysphagia (solids then liquids), rapid weight loss, anorexia. Red Flag: Odynophagia, hoarseness, supraclavicular lymphadenopathy. | G5: Flexible Upper GI Endoscopy (OGDS) with biopsy; CT staging. Management: Neoadjuvant chemoradiotherapy + Esophagectomy (Ivor Lewis) or SEMS stenting.
A6: Splenic Rupture | B6: Trauma | C6: Abdominal Trauma | D6: Blunt trauma to left lower chest/flank (RTAs, assault, direct kick). | E6: Laceration of splenic parenchyma/capsule causing intra-abdominal hemorrhage and phrenic nerve irritation. | F6: Severe LUQ pain, peritonitis, Kehr's sign (left shoulder tip pain), Ballance's sign (fixed left flank dullness). Red Flag: Hemodynamic instability. | G6: FAST ultrasound scan / CT Abdomen. Management: Resuscitation (ATLS), emergency exploratory laparotomy and splenectomy; post-splenectomy vaccines.
A7: Obstructed Femoral Hernia | B7: Hernia & Bowel Obstruction | C7: Groin Hernia | D7: Protrusion of small bowel/omentum through narrow femoral canal below inguinal ligament (elderly females). | E7: Tight femoral ring causes mechanical neck compression, venous congestion, ischemia, and small bowel obstruction. | F7: Colicky abdominal pain, bilious vomiting, distension, absolute constipation, small tender groin swelling below inguinal ligament. | G7: Plain abdominal X-ray (distended small bowel loops, air-fluid levels). Management: NBM, IV hydration, RTS, emergency groin repair & bowel resection if gangrenous.
A8: Phyllodes Tumour | B8: Breast Surgery | C8: Fibroepithelial Neoplasm | D8: Biphasic stromal-epithelial tumor occurring in adult females. | E8: Rapid stromal expansion causing massive breast enlargement, skin stretching, and pressure necrosis. | F8: Large (>5 cm), firm, mobile, bosselated breast mass. Red Flag: Pressure ischemia with ulceration of overlying skin. | G8: Breast USG/Mammography & Core needle biopsy. Management: Wide local excision with >1 cm clear margins or simple mastectomy (no routine axillary dissection).
A9: Carcinoma Head of Pancreas | B9: Hepatobiliary Oncology | C9: Pancreatic Cancer | D9: Ductal adenocarcinoma of pancreatic head or periampullary region. | E9: Insidious compression and gradual obliteration of the retropancreatic common bile duct causing severe extrahepatic cholestasis. | F9: Painless, continuously progressive obstructive jaundice, severe pruritus, dark urine, clay-colored (acholic) stools, weight loss. Courvoisier's sign. | G9: LFTs (conjugated hyperbilirubinemia, ALP > 3-5x); CA 19-9; Multiphase CT. Management: Whipple's procedure (Pancreaticoduodenectomy) or ERCP biliary stenting.
A10: Acute Appendicitis | B10: General Surgery | C10: Acute Abdomen | D10: Obstructed appendiceal lumen (fecalith, lymphoid hyperplasia) with secondary bacterial infection. | E10: Luminal distension, venous congestion, ischemia, gangrene, and localized or generalized perforation. | F10: Migratory pain (periumbilical to RIF), anorexia, nausea, fever (38°C), localized RIF tenderness, rigidity, rebound tenderness (McBurney's point). | G10: Ultrasound Abdomen / FBC (leucocytosis). Management: Emergency open or laparoscopic appendectomy & IV antibiotics.
A11: Acute Pancreatitis | B11: Gastrointestinal | C11: Pancreatic Emergency | D11: Gallstones (biliary) and alcohol abuse (major causes). | E11: Intra-acinar zymogen activation causing auto-digestion, parenchymal necrosis, hemorrhage, and systemic inflammatory response (SIRS). | F11: Severe epigastric pain radiating to the back, vomiting, paralytic ileus. Red Flag: Periumbilical ecchymosis (Cullen's sign) & flank ecchymosis (Grey Turner's sign). | G11: Serum Lipase (>3x upper limit of normal, more sensitive/specific than amylase); CT Abdomen. Management: Aggressive IV fluid resuscitation, analgesia, NBM.
A12: Epidural Hematoma | B12: Neurotrauma | C12: Head Injury | D12: Blunt head trauma (temporal bone fracture) tearing the middle meningeal artery. | E12: Arterial bleeding expanding rapidly between inner table of skull and dura mater, elevating intracranial pressure and causing brain herniation. | F12: Transient loss of consciousness followed by a 'lucid interval', then rapid deterioration, severe headache, ipsilateral dilated pupil. | G12: Non-contrast CT Head (biconvex/lenticular hyperdense extra-axial mass). Management: Immediate hypertonic saline/mannitol, emergency burr hole / craniotomy.
A13: Thrombosed External Hemorrhoid | B13: Anorectal Surgery | C13: Perianal Condition | D13: Acute venous thrombosis of the inferior hemorrhoidal plexus below the dentate line (triggered by heavy lifting/straining). | E13: Subcutaneous hematoma formation under sensitive squamous epithelium of the anal verge. | F13: Sudden onset of excruciating perianal pain, visible olive-shaped, tense, blue subcutaneous swelling at anal margin. | G13: Clinical inspection. Management: Stool softeners, analgesia, warm sitz baths, or emergency excision under local anesthesia within 48-72 hours.
... A20: Urolithiasis | B20: Urology | C20: Urinary Tract Stone | D20: Calcium oxalate/phosphate stones formed due to dehydration, hypercalciuria, or metabolic imbalances. | E20: Calculus impaction at pelviureteric junction, vesicoureteric junction, or iliac vessel crossing, causing ureteric spasm and obstruction. | F20: Severe sudden colicky flank pain radiating to the groin/scrotum/labia, restlessness, macroscopic or microscopic hematuria. | G20: Non-contrast CT KUB (gold standard) / Renal Ultrasound. Management: Analgesia (NSAIDs/morphine), hydration, medical expulsive therapy (Tamsulosin) or ESWL / Ureteroscopy (URS).
