Workbook

Sheet Interactive_Quiz
A1: Q# | B1: Clinical Scenario & Question | C1: Option A | D1: Option B | E1: Option C | F1: Option D | G1: Option E | H1: Select Answer | I1: Result | J1: Explanation & Rationale
A2: 1 | B2: A 35-year-old man presents with severe, agonizing left loin-to-groin colicky pain accompanied by nausea and microscopic hematuria. What is the gold standard diagnostic investigation of choice? | C2: Ultrasonography of Kidneys, Ureters, and Bladder | D2: Plain Abdominal KUB Radiograph | E2: Non-contrast Computed Tomography KUB (NCCT KUB) | F2: Intravenous Urogram (IVU) | G2: Contrast-Enhanced CT Abdomen | I2: =IF(H2="","",IF(H2=Answer_Key_&_Rationales!G2,"CORRECT","INCORRECT")) | J2: Non-contrast CT KUB (NCCT KUB) is the gold standard diagnostic investigation for suspected urolithiasis, boasting >98% sensitivity and specificity for detecting stone size, location, and attenuation.
A3: 2 | B3: A 68-year-old male with long-standing BPH presents with acute inability to void for 8 hours and severe suprapubic pain. Examination reveals a palpable bladder up to the umbilicus. What is the immediate initial step in management? | C3: Immediate administration of IV Furosemide | D3: Urgent Transurethral Resection of Prostate (TURP) | E3: Immediate Urethral Catheterization with a 16F Foley catheter | F3: Initiation of oral Tamsulosin 400 mcg daily | G3: Emergency Suprapubic Cystostomy | I3: =IF(H3="","",IF(H3=Answer_Key_&_Rationales!G3,"CORRECT","INCORRECT")) | J3: Immediate urinary decompression via urethral catheterization using a 16F Foley catheter is the standard initial management for acute urinary retention (AROU).
A4: 3 | B4: A 55-year-old chronic heavy smoker presents with a 3-week history of painless, profuse, intermittent gross hematuria throughout micturition. Physical examination is unremarkable. What is the most crucial diagnostic test? | C4: Urine culture and sensitivity | D4: Flexible/Rigid Cystoscopy with biopsy | E4: Serum Prostate-Specific Antigen (PSA) | F4: Renal Angiography | G4: Transrectal Ultrasound (TRUS) | I4: =IF(H4="","",IF(H4=Answer_Key_&_Rationales!G4,"CORRECT","INCORRECT")) | J4: Painless gross hematuria in any patient >45 years old MUST be investigated with Cystoscopy to rule out Transitional Cell Carcinoma (TCC) of the urinary bladder.
A5: 4 | B5: A 16-year-old boy presents with sudden-onset severe right scrotal pain that woke him from sleep 2 hours ago. On examination, the right testis is swollen, tender, high-riding, and horizontally lie. Cremasteric reflex is absent. What is the most appropriate next step? | C5: Order an urgent Color Doppler Scrotal Ultrasound | D5: Administer IV Ceftriaxone and oral Doxycycline | E5: Immediate emergency scrotal exploration and bilateral orchidopexy | F5: Apply ice packs and prescribe scrotal elevation support | G5: Manual detorsion and discharge on oral analgesics | I5: =IF(H5="","",IF(H5=Answer_Key_&_Rationales!G5,"CORRECT","INCORRECT")) | J5: Testicular torsion is a surgical emergency with a 6-hour golden window. Clinical diagnosis dictates immediate scrotal exploration and bilateral orchidopexy without delaying for ultrasound.
A6: 5 | B6: A 28-year-old man presents with gradual onset right scrotal pain and swelling over 3 days, accompanied by fever and dysuria. On examination, elevating the right scrotum reduces the pain (Positive Prehn's sign). What is the most likely diagnosis? | C6: Testicular Torsion | D6: Acute Epididymo-orchitis | E6: Strangulated Indirect Inguinal Hernia | F6: Varicocele | G6: Testicular Seminoma | I6: =IF(H6="","",IF(H6=Answer_Key_&_Rationales!G6,"CORRECT","INCORRECT")) | J6: Gradual onset pain, fever, dysuria, and a POSITIVE Prehn's sign (pain relief on scrotal elevation) are classic features of Acute Epididymo-orchitis.
A7: 6 | B7: A 25-year-old man presents with a painless, firm, heavy mass in his left testis noticed 2 months ago. Scrotal USG confirms a 2.5 cm intra-testicular mass. Serum tumor markers reveal normal AFP, elevated b-hCG (45 IU/L), and elevated LDH. What is the most likely diagnosis? | C7: Yolk Sac Tumor | D7: Classic Seminoma | E7: Choriocarcinoma | F7: Teratoma | G7: Leydig Cell Tumor | I7: =IF(H7="","",IF(H7=Answer_Key_&_Rationales!G7,"CORRECT","INCORRECT")) | J7: Pure Seminoma classically presents with normal AFP and mild elevation of b-hCG in ~15-20% of cases. Yolk sac tumors characteristically produce high AFP.
A8: 7 | B8: Why is trans-scrotal needle biopsy contraindicated in a patient suspected of having a testicular tumor? | C8: High risk of intractable scrotal hematoma | D8: High risk of tumor seeding to inguinal lymph nodes and changing lymphatic drainage | E8: Inability to obtain adequate tissue for histological grading | F8: High incidence of post-biopsy acute epididymitis | G8: High risk of precipitating testicular torsion | I8: =IF(H8="","",IF(H8=Answer_Key_&_Rationales!G8,"CORRECT","INCORRECT")) | J8: Trans-scrotal biopsy breaks the anatomical barrier of tunica dartos, causing tumor spillage and seeding into scrotal skin and superficial inguinal lymph nodes.
A9: 8 | B9: A 62-year-old male presents with a dull, dragging pain in his left scrotum. Examination in the standing position reveals a soft 'bag of worms' sensation above the left testis that disappears when supine. What is the anatomical explanation for this predominance on the left? | C9: Left testicular artery arises directly from the anterior abdominal aorta | D9: Left testicular vein drains into the left renal vein at a right angle (90 degrees) | E9: Left cremasteric artery is compressed by the inguinal ligament | F9: Left pampiniform plexus lacks venous valves entirely | G9: Left testicular vein drains directly into the Inferior Vena Cava | I9: =IF(H9="","",IF(H9=Answer_Key_&_Rationales!G9,"CORRECT","INCORRECT")) | J9: Left-sided varicoceles are common because the left testicular vein enters the left renal vein at a 90-degree right angle, leading to higher hydrostatic pressure.
A10: 9 | B10: A 65-year-old man presents with a sudden-onset, non-reducing right-sided varicocele. What mandatory investigation must be performed immediately? | C10: High ligation of testicular vein (Palomo procedure) | D10: Contrast-Enhanced CT Abdomen and Pelvis | E10: Scrotal Transillumination Test | F10: Diagnostic Laparoscopy | G10: Urethro-cystoscopy | I10: =IF(H10="","",IF(H10=Answer_Key_&_Rationales!G10,"CORRECT","INCORRECT")) | J10: Right-sided varicocele or a sudden-onset non-reducing left varicocele in an older man strongly suggests retroperitoneal tumor obstruction (e.g., RCC invading IVC/renal vein).
A11: 10 | B11: A 30-year-old man is brought to the ED following a bicycle accident where he fell astride the crossbar. He has acute urinary retention, blood at the external urethral meatus, and a 'butterfly' perineal hematoma. Pelvic compression test is painless and stable. What is the most likely diagnosis? | C11: Posterior (Membranous) Urethral Rupture | D11: Anterior (Bulbar) Urethral Rupture | E11: Intraperitoneal Bladder Rupture | F11: Ureteric Avulsion | G11: Prostatic Urethral Tear | I11: =IF(H11="","",IF(H11=Answer_Key_&_Rationales!G11,"CORRECT","INCORRECT")) | J11: A straddle (fall astride) injury crushes the bulbar urethra against the pubic symphysis, producing anterior urethral rupture with blood at the meatus and perineal butterfly hematoma.
A12: 11 | B12: In a patient presenting with blood at the external urethral meatus following pelvic trauma, what is the SINGLE MOST IMPORTANT initial investigation before attempting catheterization? | C12: Intravenous Pyelogram (IVP) | D12: Ascending Retrograde Urethrogram (RUG) | E12: Non-contrast CT KUB | F12: Bedside Ultrasound Bladder Scan | G12: Flexible Cystoscopy | I12: =IF(H12="","",IF(H12=Answer_Key_&_Rationales!G12,"CORRECT","INCORRECT")) | J12: Ascending Retrograde Urethrogram (RUG) must be performed to evaluate urethral continuity BEFORE any attempt at urethral catheterization to avoid converting a partial tear into a complete rupture.
A13: 12 | B13: A 60-year-old male presents with a painless, smooth, cystic swelling in the right scrotum that completely transilluminates. You can easily get above the mass on examination. What is the definitive surgical management? | C13: High Orchidectomy via Inguinal approach | D13: Jaboulay operation or Lord's plication procedure | E13: Lichtenstein Mesh Repair | F13: Palomo Operation | G13: Needle aspiration and sclerotherapy | I13: =IF(H13="","",IF(H13=Answer_Key_&_Rationales!G13,"CORRECT","INCORRECT")) | J13: Vaginal hydrocele is treated surgically by Jaboulay's eversion of the tunica vaginalis sac or Lord's plication of the sac.
... A31: 30 | B31: A 14-year-old boy presents with acute scrotal pain. Surgical exploration within 4 hours reveals a twisted, ischemic left testis. The testis turns pink and viable following detorsion and warm saline sponges. What is the final operative procedure? | C31: Left Orchidectomy and right observation | D31: Bilateral Orchidopexy (fixation of BOTH left and right testes) | E31: Left Orchidopexy only | F31: Bilateral Orchidectomy | G31: Left Inguinal Hernioplasty | I31: =IF(H31="","",IF(H31=Answer_Key_&_Rationales!G31,"CORRECT","INCORRECT")) | J31: Because the underlying anatomical defect ('bell-clapper deformity') is almost always bilateral, orchidopexy MUST be performed bilaterally to prevent future torsion of the contralateral testis.

Sheet Scorecard
A1: Module 8 Urology & Male Genital Surgery - Performance Scorecard
A3: Total Questions | B3: =COUNTA(Interactive_Quiz!A2:A31)
A4: Questions Answered | B4: =COUNTA(Interactive_Quiz!H2:H31)
A5: Correct Answers | B5: =COUNTIF(Interactive_Quiz!I2:I31, "CORRECT")
A6: Incorrect Answers | B6: =COUNTIF(Interactive_Quiz!I2:I31, "INCORRECT")
A7: Score Percentage | B7: =IF(B3=0, 0, B4/B2)
A8: Performance Grade | B8: =IF(B6>=0.85, "EXCELLENT - MASTERY", IF(B6>=0.70, "GOOD - PASS", IF(B3=0, "NOT STARTED", "NEEDS REVIEW")))

Sheet Answer_Key_&_Rationales
A1: Q# | B1: Clinical Question | C1: Option A | D1: Option B | E1: Option C | F1: Option D | G1: Option E | H1: Correct Answer Key | I1: Detailed Clinical Rationale
A2: 1 | B2: A 35-year-old man presents with severe, agonizing left loin-to-groin colicky pain accompanied by nausea and microscopic hematuria. What is the gold standard diagnostic investigation of choice? | C2: Ultrasonography of Kidneys, Ureters, and Bladder | D2: Plain Abdominal KUB Radiograph | E2: Non-contrast Computed Tomography KUB (NCCT KUB) | F2: Intravenous Urogram (IVU) | G2: Contrast-Enhanced CT Abdomen | H2: C | I2: Non-contrast CT KUB (NCCT KUB) is the gold standard diagnostic investigation for suspected urolithiasis, boasting >98% sensitivity and specificity for detecting stone size, location, and attenuation.
A3: 2 | B3: A 68-year-old male with long-standing BPH presents with acute inability to void for 8 hours and severe suprapubic pain. Examination reveals a palpable bladder up to the umbilicus. What is the immediate initial step in management? | C3: Immediate administration of IV Furosemide | D3: Urgent Transurethral Resection of Prostate (TURP) | E3: Immediate Urethral Catheterization with a 16F Foley catheter | F3: Initiation of oral Tamsulosin 400 mcg daily | G3: Emergency Suprapubic Cystostomy | H3: C | I3: Immediate urinary decompression via urethral catheterization using a 16F Foley catheter is the standard initial management for acute urinary retention (AROU).
A4: 3 | B4: A 55-year-old chronic heavy smoker presents with a 3-week history of painless, profuse, intermittent gross hematuria throughout micturition. Physical examination is unremarkable. What is the most crucial diagnostic test? | C4: Urine culture and sensitivity | D4: Flexible/Rigid Cystoscopy with biopsy | E4: Serum Prostate-Specific Antigen (PSA) | F4: Renal Angiography | G4: Transrectal Ultrasound (TRUS) | H4: B | I4: Painless gross hematuria in any patient >45 years old MUST be investigated with Cystoscopy to rule out Transitional Cell Carcinoma (TCC) of the urinary bladder.
A5: 4 | B5: A 16-year-old boy presents with sudden-onset severe right scrotal pain that woke him from sleep 2 hours ago. On examination, the right testis is swollen, tender, high-riding, and horizontally lie. Cremasteric reflex is absent. What is the most appropriate next step? | C5: Order an urgent Color Doppler Scrotal Ultrasound | D5: Administer IV Ceftriaxone and oral Doxycycline | E5: Immediate emergency scrotal exploration and bilateral orchidopexy | F5: Apply ice packs and prescribe scrotal elevation support | G5: Manual detorsion and discharge on oral analgesics | H5: C | I5: Testicular torsion is a surgical emergency with a 6-hour golden window. Clinical diagnosis dictates immediate scrotal exploration and bilateral orchidopexy without delaying for ultrasound.
A6: 5 | B6: A 28-year-old man presents with gradual onset right scrotal pain and swelling over 3 days, accompanied by fever and dysuria. On examination, elevating the right scrotum reduces the pain (Positive Prehn's sign). What is the most likely diagnosis? | C6: Testicular Torsion | D6: Acute Epididymo-orchitis | E6: Strangulated Indirect Inguinal Hernia | F6: Varicocele | G6: Testicular Seminoma | H6: B | I6: Gradual onset pain, fever, dysuria, and a POSITIVE Prehn's sign (pain relief on scrotal elevation) are classic features of Acute Epididymo-orchitis.
A7: 6 | B7: A 25-year-old man presents with a painless, firm, heavy mass in his left testis noticed 2 months ago. Scrotal USG confirms a 2.5 cm intra-testicular mass. Serum tumor markers reveal normal AFP, elevated b-hCG (45 IU/L), and elevated LDH. What is the most likely diagnosis? | C7: Yolk Sac Tumor | D7: Classic Seminoma | E7: Choriocarcinoma | F7: Teratoma | G7: Leydig Cell Tumor | H7: B | I7: Pure Seminoma classically presents with normal AFP and mild elevation of b-hCG in ~15-20% of cases. Yolk sac tumors characteristically produce high AFP.
A8: 7 | B8: Why is trans-scrotal needle biopsy contraindicated in a patient suspected of having a testicular tumor? | C8: High risk of intractable scrotal hematoma | D8: High risk of tumor seeding to inguinal lymph nodes and changing lymphatic drainage | E8: Inability to obtain adequate tissue for histological grading | F8: High incidence of post-biopsy acute epididymitis | G8: High risk of precipitating testicular torsion | H8: B | I8: Trans-scrotal biopsy breaks the anatomical barrier of tunica dartos, causing tumor spillage and seeding into scrotal skin and superficial inguinal lymph nodes.
A9: 8 | B9: A 62-year-old male presents with a dull, dragging pain in his left scrotum. Examination in the standing position reveals a soft 'bag of worms' sensation above the left testis that disappears when supine. What is the anatomical explanation for this predominance on the left? | C9: Left testicular artery arises directly from the anterior abdominal aorta | D9: Left testicular vein drains into the left renal vein at a right angle (90 degrees) | E9: Left cremasteric artery is compressed by the inguinal ligament | F9: Left pampiniform plexus lacks venous valves entirely | G9: Left testicular vein drains directly into the Inferior Vena Cava | H9: B | I9: Left-sided varicoceles are common because the left testicular vein enters the left renal vein at a 90-degree right angle, leading to higher hydrostatic pressure.
A10: 9 | B10: A 65-year-old man presents with a sudden-onset, non-reducing right-sided varicocele. What mandatory investigation must be performed immediately? | C10: High ligation of testicular vein (Palomo procedure) | D10: Contrast-Enhanced CT Abdomen and Pelvis | E10: Scrotal Transillumination Test | F10: Diagnostic Laparoscopy | G10: Urethro-cystoscopy | H10: B | I10: Right-sided varicocele or a sudden-onset non-reducing left varicocele in an older man strongly suggests retroperitoneal tumor obstruction (e.g., RCC invading IVC/renal vein).
A11: 10 | B11: A 30-year-old man is brought to the ED following a bicycle accident where he fell astride the crossbar. He has acute urinary retention, blood at the external urethral meatus, and a 'butterfly' perineal hematoma. Pelvic compression test is painless and stable. What is the most likely diagnosis? | C11: Posterior (Membranous) Urethral Rupture | D11: Anterior (Bulbar) Urethral Rupture | E11: Intraperitoneal Bladder Rupture | F11: Ureteric Avulsion | G11: Prostatic Urethral Tear | H11: B | I11: A straddle (fall astride) injury crushes the bulbar urethra against the pubic symphysis, producing anterior urethral rupture with blood at the meatus and perineal butterfly hematoma.
A12: 11 | B12: In a patient presenting with blood at the external urethral meatus following pelvic trauma, what is the SINGLE MOST IMPORTANT initial investigation before attempting catheterization? | C12: Intravenous Pyelogram (IVP) | D12: Ascending Retrograde Urethrogram (RUG) | E12: Non-contrast CT KUB | F12: Bedside Ultrasound Bladder Scan | G12: Flexible Cystoscopy | H12: B | I12: Ascending Retrograde Urethrogram (RUG) must be performed to evaluate urethral continuity BEFORE any attempt at urethral catheterization to avoid converting a partial tear into a complete rupture.
A13: 12 | B13: A 60-year-old male presents with a painless, smooth, cystic swelling in the right scrotum that completely transilluminates. You can easily get above the mass on examination. What is the definitive surgical management? | C13: High Orchidectomy via Inguinal approach | D13: Jaboulay operation or Lord's plication procedure | E13: Lichtenstein Mesh Repair | F13: Palomo Operation | G13: Needle aspiration and sclerotherapy | H13: B | I13: Vaginal hydrocele is treated surgically by Jaboulay's eversion of the tunica vaginalis sac or Lord's plication of the sac.
... A31: 30 | B31: A 14-year-old boy presents with acute scrotal pain. Surgical exploration within 4 hours reveals a twisted, ischemic left testis. The testis turns pink and viable following detorsion and warm saline sponges. What is the final operative procedure? | C31: Left Orchidectomy and right observation | D31: Bilateral Orchidopexy (fixation of BOTH left and right testes) | E31: Left Orchidopexy only | F31: Bilateral Orchidectomy | G31: Left Inguinal Hernioplasty | H31: B | I31: Because the underlying anatomical defect ('bell-clapper deformity') is almost always bilateral, orchidopexy MUST be performed bilaterally to prevent future torsion of the contralateral testis.
