Workbook

Sheet Table of Contents
A1: MODULE 4: UPPER GASTROINTESTINAL & ESOPHAGEAL PATHOLOGY
A2: Master Clinical Quiz & Diagnostic Database | Version Stamp: v1.0
A4: WORKBOOK NAVIGATION & HYPERLINKS
A5: Sheet Name | B5: Direct Link | C5: Description
A6: Tab 2: Interactive Quiz (Student Portal) | B6: =HYPERLINK("#'Interactive Quiz (Student)'!A1", "Go to Sheet ➔") | C6: 30 High-Yield Clinical MCQs with automated live grading and dropdown answer input.
A7: Tab 3: Answer Key & Explanations | B7: =HYPERLINK("#'Answer Key & Explanations'!A1", "Go to Sheet ➔") | C7: Complete instructor answer key with detailed textbook-grounded clinical rationales.
A9: WORKBOOK FORMATTING & COLOR LEGEND
A10: Light Blue Fill (#DCE6F1) | B10: Student Input Cell (Column H dropdown selection A-E)
A11: Light Green Fill (#E2EFDA) | B11: Computed Scorecard & Automated Grade Formulas
A12: Dark Blue Banner (#2F5496) | B12: Section Headers & Primary Table Banners
A13: Zebra Gray (#F2F2F2) | B13: Alternating Data Row Shading for Visual Clarity

Sheet Interactive Quiz (Student)
A1: MODULE 4: UPPER GI & ESOPHAGEAL PATHOLOGY INTERACTIVE QUIZ
A3: AUTOMATED STUDENT SCORECARD
A4: Questions Attempted: | B4: =COUNTA(H9:H38)
A5: Correct Answers: | B5: =COUNTIF(I9:I38, "*Correct*")
A6: Overall Grade Score: | B6: =IF(B4=0, 0, B5/30)
A8: Q# | B8: Clinical Scenario & Question Prompt | C8: Option A | D8: Option B | E8: Option C | F8: Option D | G8: Option E | H8: Your Answer | I8: Real-Time Grade
A9: Q1 | B9: A 45-year-old male presents with sudden hematemesis of 1000 mL fresh blood and melena. Pulse is 115 bpm, BP is 100/65 mmHg. What is the immediate initial step in resuscitation? | C9: Emergency upper GI endoscopy within 1 hour | D9: Insert two large-bore IV cannulae & start IV crystalloids/colloids | E9: Oral PPI administration | F9: Urgent barium swallow | G9: Emergency laparotomy | I9: =IF(ISBLANK(H9), "", IF(H9='Answer Key & Explanations'!C9, "✅ Correct", "❌ Incorrect (See Key)"))
A10: Q2 | B10: Which clinical feature most reliably distinguishes Hematemesis from Hemoptysis? | C10: Presence of bright red blood | D10: Coughed up with froth and alkaline pH | E10: Associated with tachycardia | F10: Presence of melena | G10: History of alcohol intake | I10: =IF(ISBLANK(H10), "", IF(H10='Answer Key & Explanations'!C10, "✅ Correct", "❌ Incorrect (See Key)"))
A11: Q3 | B11: A 55-year-old chronic NSAID user presents with severe epigastric pain and coffee-ground vomiting. Endoscopy shows a bleeding duodenal ulcer. What is the first-line therapeutic endoscopic method? | C11: Argon plasma coagulation alone | D11: Dual endoscopic therapy (e.g. Adrenaline injection + Mechanical clips / Thermal cautery) | E11: Systemic IV vasopressin alone | F11: Sengstaken-Blakemore tube | G11: Surgical wedge resection | I11: =IF(ISBLANK(H11), "", IF(H11='Answer Key & Explanations'!C11, "✅ Correct", "❌ Incorrect (See Key)"))
A12: Q4 | B12: A 50-year-old cirrhotic patient presents with massive variceal hematemesis. Which pharmacological agent should be administered immediately prior to emergency endoscopy? | C12: IV Omeprazole bolus | D12: IV Vasoactive agent (Terlipressin or Octreotide) | E12: Oral Tranexamic acid | F12: IV Metoclopramide | G12: Oral Propranolol | I12: =IF(ISBLANK(H12), "", IF(H12='Answer Key & Explanations'!C12, "✅ Correct", "❌ Incorrect (See Key)"))
A13: Q5 | B13: In a patient with bleeding esophageal varices uncontrolled by pharmacological and endoscopic band ligation, what is the temporary mechanical balloon tamponade device of choice? | C13: Ryle's nasogastric tube | D13: Sengstaken-Blakemore tube | E13: Foley catheter | F13: Laryngeal mask airway | G13: Ewald tube | I13: =IF(ISBLANK(H13), "", IF(H13='Answer Key & Explanations'!C13, "✅ Correct", "❌ Incorrect (See Key)"))
A14: Q6 | B14: Which scoring system is validated for pre-endoscopy risk stratification in acute upper GI bleeding to identify low-risk patients suitable for outpatient management? | C14: Glasgow-Blatchford Score (GBS) | D14: Child-Pugh Score | E14: MELD Score | F14: Rockall Score | G14: Ranson Criteria | I14: =IF(ISBLANK(H14), "", IF(H14='Answer Key & Explanations'!C14, "✅ Correct", "❌ Incorrect (See Key)"))
A15: Q7 | B15: A 62-year-old male with long-standing GERD presents with progressive dysphagia to solid foods over 6 months, accompanied by 8 kg weight loss. What is the single most essential diagnostic test? | C15: Barium swallow radiography | D15: Flexible Upper GI Endoscopy (OGDS) with biopsy | E15: Esophageal high-resolution manometry | F15: 24-hour pH monitoring | G15: CT Scan of thorax | I15: =IF(ISBLANK(H15), "", IF(H15='Answer Key & Explanations'!C15, "✅ Correct", "❌ Incorrect (See Key)"))
A16: Q8 | B16: Which esophageal wall layer is absent compared to the rest of the gastrointestinal tract, contributing to early local invasion and early transmural spread of esophageal carcinoma? | C16: Mucosa | D16: Submucosa | E16: Circular muscle layer | F16: Serosa | G16: Adventitia | I16: =IF(ISBLANK(H16), "", IF(H16='Answer Key & Explanations'!C16, "✅ Correct", "❌ Incorrect (See Key)"))
A17: Q9 | B17: A 35-year-old female presents with a 2-year history of progressive dysphagia to BOTH solids and liquids simultaneously, regurgitation of undigested food, and chest pain. What is the most likely diagnosis? | C17: Carcinoma of Esophagus | D17: Achalasia Cardia | E17: Benign Peptic Stricture | F17: Esophageal Web (Plummer-Vinson) | G17: Diffuse Esophageal Spasm | I17: =IF(ISBLANK(H17), "", IF(H17='Answer Key & Explanations'!C17, "✅ Correct", "❌ Incorrect (See Key)"))
A18: Q10 | B18: What classic pathognomonic finding is seen on Barium Swallow in a patient with Achalasia Cardia? | C18: Apple-core lesion | D18: Bird's-beak / Rat-tail narrowing | E18: Cobblestone appearance | F18: Lead-pipe appearance | G18: String sign of Kantor | I18: =IF(ISBLANK(H18), "", IF(H18='Answer Key & Explanations'!C18, "✅ Correct", "❌ Incorrect (See Key)"))
A19: Q11 | B19: What is the gold standard investigation for confirming the diagnosis of Achalasia Cardia? | C19: Barium Swallow | D19: Esophageal High-Resolution Manometry | E19: 24-hour pH study | F19: OGDS | G19: Endoscopic Ultrasound | I19: =IF(ISBLANK(H19), "", IF(H19='Answer Key & Explanations'!C19, "✅ Correct", "❌ Incorrect (See Key)"))
A20: Q12 | B20: Which surgical procedure is the definitive treatment of choice for Achalasia Cardia? | C20: Ivor Lewis Esophagectomy | D20: Laparoscopic Heller's Cardiomyotomy + Partial Fundoplication (Toupet/Dor) | E20: McKeown Esophagectomy | F20: Roux-en-Y Gastric Bypass | G20: Billroth II Gastrectomy | I20: =IF(ISBLANK(H20), "", IF(H20='Answer Key & Explanations'!C20, "✅ Correct", "❌ Incorrect (See Key)"))
... A38: Q30 | B38: A 65-year-old patient with unresectable, advanced carcinoma of the middle third of the esophagus presents with complete inability to swallow even saliva. What is the most appropriate palliative intervention? | C38: Emergency total gastrectomy | D38: Endoscopic insertion of a Self-Expanding Metal Stent (SEMS) | E38: High-dose oral chemotherapy | F38: Barium swallow examination | G38: Repeated rigid dilation alone | I38: =IF(ISBLANK(H38), "", IF(H38='Answer Key & Explanations'!C38, "✅ Correct", "❌ Incorrect (See Key)"))

Sheet Answer Key & Explanations
A1: MODULE 4: ANSWER KEY & DEEP CLINICAL EXPLANATIONS
A8: Q# | B8: Question Topic / Summary | C8: Correct Answer | D8: Deep Clinical Explanation & Rationales | E8: Source Grounding & Key Surgical Principles
A9: Q1 | B9: A 45-year-old male presents with sudden hematemesis of 1000 ... | C9: B | D9: Upper GI bleeding requires immediate resuscitation: Airway, Breathing, two large-bore 14G/16G IV lines, and IV crystalloid/colloid infusion to restore circulating volume before diagnostic endoscopy. | E9: Upper GI Surgery Lectures (UGIB, Ca Esophagus, Gastric Cancer)
A10: Q2 | B10: Which clinical feature most reliably distinguishes Hematemes... | C10: B | D10: Hemoptysis is coughed up, bright red, frothy, and alkaline in pH, whereas hematemesis is vomited, dark/coffee-ground, non-frothy, acidic, and mixed with food particles. | E10: Upper GI Surgery Lectures (UGIB, Ca Esophagus, Gastric Cancer)
A11: Q3 | B11: A 55-year-old chronic NSAID user presents with severe epigas... | C11: B | D11: Endoscopic combination therapy (e.g., dilute adrenaline injection combined with mechanical hemoclips or thermal electrocautery) is the gold standard for active peptic ulcer bleeding. | E11: Upper GI Surgery Lectures (UGIB, Ca Esophagus, Gastric Cancer)
A12: Q4 | B12: A 50-year-old cirrhotic patient presents with massive varice... | C12: B | D12: Vasoactive drugs (Terlipressin, Octreotide, or Somatostatin) reduce splanchnic blood flow and portal venous pressure, and should be initiated immediately upon suspected variceal hemorrhage. | E12: Upper GI Surgery Lectures (UGIB, Ca Esophagus, Gastric Cancer)
A13: Q5 | B13: In a patient with bleeding esophageal varices uncontrolled b... | C13: B | D13: The Sengstaken-Blakemore tube (or Minnesota tube) provides temporary double-balloon compression (gastric and esophageal) to control refractory life-threatening variceal hemorrhage. | E13: Upper GI Surgery Lectures (UGIB, Ca Esophagus, Gastric Cancer)
A14: Q6 | B14: Which scoring system is validated for pre-endoscopy risk str... | C14: A | D14: The Glasgow-Blatchford Score (GBS) uses pre-endoscopic clinical/lab parameters (urea, Hb, SBP, pulse, melena, syncope) to identify ultra-low-risk patients (score 0-1) safely managed outpatient. | E14: Upper GI Surgery Lectures (UGIB, Ca Esophagus, Gastric Cancer)
A15: Q7 | B15: A 62-year-old male with long-standing GERD presents with pro... | C15: B | D15: Flexible OGDS with multiple tissue biopsies is the definitive diagnostic modality for suspected esophageal malignancy, allowing direct visualization and histopathological confirmation. | E15: Upper GI Surgery Lectures (UGIB, Ca Esophagus, Gastric Cancer)
A16: Q8 | B16: Which esophageal wall layer is absent compared to the rest o... | C16: D | D16: The esophagus lacks a distinct outer serosal layer (it has adventitia instead), which facilitates rapid transmural growth and early invasion into surrounding mediastinal structures. | E16: Upper GI Surgery Lectures (UGIB, Ca Esophagus, Gastric Cancer)
A17: Q9 | B17: A 35-year-old female presents with a 2-year history of progr... | C17: B | D17: Achalasia Cardia typically affects younger adults (20-40 yrs) and presents with equal/simultaneous dysphagia to BOTH solids and liquids from the onset, along with regurgitation. | E17: Upper GI Surgery Lectures (UGIB, Ca Esophagus, Gastric Cancer)
A18: Q10 | B18: What classic pathognomonic finding is seen on Barium Swallow... | C18: B | D18: Barium swallow in Achalasia shows smooth, symmetrical, conical narrowing of the lower esophageal sphincter with distal smooth tapering, classically termed 'bird's-beak' or 'rat-tail' appearance. | E18: Upper GI Surgery Lectures (UGIB, Ca Esophagus, Gastric Cancer)
A19: Q11 | B19: What is the gold standard investigation for confirming the d... | C19: B | D19: High-Resolution Manometry is the gold standard diagnostic test for Achalasia, demonstrating incomplete LES relaxation (integrated relaxation pressure > 15 mmHg) and aperistalsis. | E19: Upper GI Surgery Lectures (UGIB, Ca Esophagus, Gastric Cancer)
... A38: Q30 | B38: A 65-year-old patient with unresectable, advanced carcinoma ... | C38: B | D38: Endoscopic placement of a Self-Expanding Metal Stent (SEMS) across the malignant esophageal stricture provides rapid, effective palliation of dysphagia in advanced unresectable disease. | E38: Upper GI Surgery Lectures (UGIB, Ca Esophagus, Gastric Cancer)
