Workbook

Sheet Table of Contents
A1: Respiratory Module - Interactive Clinical Assessment
A3: v1.0 | Generated 2026-09-28 | FP-2 Medical Exam Preparation
A5: WORKBOOK OVERVIEW & NAVIGATION
A6: Tab Name | B6: Target Portal | C6: Description | D6: Interactive Link | E6: Status
A7: Table of Contents | B7: Overview | C7: Workbook architecture, audit trails, and color legend | D7: =HYPERLINK("#'Table of Contents'!A1", "Go to TOC →") | E7: Active
A8: Interactive Quiz | B8: Student Portal | C8: 30 high-yield clinical MCQs with automated real-time grading | D8: =HYPERLINK("#'Interactive Quiz'!A1", "Go to Quiz →") | E8: Active
A9: Answer Key & Explanations | B9: Instructor Portal | C9: Complete answer key with detailed physiological rationales | D9: =HYPERLINK("#'Answer Key & Explanations'!A1", "Go to Key →") | E9: Active
A12: COLOR CODING & FORMATTING LEGEND
A13: Color Fill | B13: Hex Code | C13: Role / Cell Function | D13: User Action Required | E13: Examples
A14: Light Blue | B14: #DCE6F1 | C14: Student Input Cells | D14: Select option A, B, C, D, or E from dropdown | E14: Column H in Quiz Tab
A15: Light Green | B15: #E2EFDA | C15: Automated Formula Cells | D15: Read-only computed score and real-time grade | E15: Scorecard & Column I in Quiz
A16: Zebra Gray | B16: #F2F2F2 | C16: Alternate Read-Only Rows | D16: Read-only question and option text | E16: Even rows in Quiz Tab
A17: Clinical Navy | B17: #2F5496 | C17: Headers & Banners | D17: Visual anchors and section headers | E17: Header banner rows

Sheet Interactive Quiz
A1: Respiratory System - Interactive Medical Board Exam Quiz
A3: AUTOMATED STUDENT SCORECARD
A4: Questions Attempted: | B4: =COUNTA(H9:H38)
A5: Correct Answers: | B5: =COUNTIF(I9:I38, "*Correct*")
A6: Overall Grade (%): | B6: =IF(B4=0, 0, B5/30)
A8: Q# | B8: System / Topic Focus | C8: Clinical Case Vignette / Question | D8: Option A | E8: Option B | F8: Option C | G8: Option D | H8: Option E | I8: Your Answer | J8: Real-Time Grade
A9: 1 | B9: Acute Severe Asthma - Red Flags | C9: A 24-year-old asthmatic presents to the ER with severe breathlessness. On exam: HR 128 bpm, RR 32/min, PEFR 40% of predicted, unable to complete sentences in one breath. Which finding represents a life-threatening feature requiring immediate ICU consultation? | D9: Pulsus paradoxus > 15 mmHg | E9: Silent chest with absence of wheeze and cyanosis | F9: PEFR of 40% predicted | G9: Tachycardia of 128 bpm | H9: Use of accessory neck muscles | J9: =IF(ISBLANK(I9), "", IF(I9='Answer Key & Explanations'!C4, "✅ Correct", "❌ Incorrect (See Key)"))
A10: 2 | B10: Acute Severe Asthma - Emergency Tx | C10: In the immediate emergency management of acute severe asthma unresponsive to initial nebulized SABA, which pharmacological agent should be added NEXT to inhaled therapy? | D10: Oral Montelukast | E10: Inhaled SAMA (Ipratropium bromide) | F10: IV Aminophylline infusion | G10: Subcutaneous Epinephrine | H10: Inhaled Fluticasone high dose | J10: =IF(ISBLANK(I10), "", IF(I10='Answer Key & Explanations'!C5, "✅ Correct", "❌ Incorrect (See Key)"))
A11: 3 | B11: Asthma vs COPD - Spirometry | C11: Which spirometric parameter best distinguishes Bronchial Asthma from COPD in a patient presenting with chronic dyspnea and wheezing? | D11: FEV1/FVC < 0.70 pre-bronchodilator | E11: Reversibility with > 12% and > 200 mL increase in FEV1 post-SABA | F11: Decreased Forced Vital Capacity (FVC) | G11: Elevated Total Lung Capacity (TLC) | H11: Reduced Diffusing Capacity (DLCO) | J11: =IF(ISBLANK(I11), "", IF(I11='Answer Key & Explanations'!C6, "✅ Correct", "❌ Incorrect (See Key)"))
A12: 4 | B12: COPD Exacerbation - Oxygen Target | C12: A 68-year-old long-term smoker with severe COPD presents with an acute exacerbation and drowsy mental status. ABG shows PaO2 52 mmHg, PaCO2 62 mmHg, pH 7.28. What is the target SpO2 for oxygen therapy? | D12: 95 - 100% | E12: 88 - 92% | F12: 92 - 96% | G12: > 98% | H12: 80 - 85% | J12: =IF(ISBLANK(I12), "", IF(I12='Answer Key & Explanations'!C7, "✅ Correct", "❌ Incorrect (See Key)"))
A13: 5 | B13: COPD Exacerbation - NIV Indications | C13: In an acute exacerbation of COPD with hypercapnic respiratory failure, which finding is the primary indication for initiating Non-Invasive Ventilation (NIV / BiPAP)? | D13: PaO2 < 60 mmHg despite low-flow O2 | E13: Persistent respiratory acidosis (pH < 7.35, PaCO2 > 45 mmHg) despite optimal medical therapy | F13: Sputum purulence and high fever | G13: FEV1 < 30% of predicted | H13: Presence of bilateral ankle edema | J13: =IF(ISBLANK(I13), "", IF(I13='Answer Key & Explanations'!C8, "✅ Correct", "❌ Incorrect (See Key)"))
A14: 6 | B14: Pneumonia - CURB-65 Scoring | C14: A 72-year-old man presents with fever, productive cough, and confusion. Labs: Urea 9.2 mmol/L, RR 34/min, BP 85/50 mmHg. What is his CURB-65 score and recommended site of care? | D14: Score 2 - Outpatient oral antibiotics | E14: Score 3 - Inpatient hospital admission (consider ICU) | F14: Score 4 - Immediate ICU admission | G14: Score 1 - Outpatient oral antibiotics | H14: Score 5 - Immediate ICU admission | J14: =IF(ISBLANK(I14), "", IF(I14='Answer Key & Explanations'!C9, "✅ Correct", "❌ Incorrect (See Key)"))
A15: 7 | B15: Community-Acquired Pneumonia - Organisms | C15: What is the single most common bacterial pathogen causing Community-Acquired Pneumonia (CAP) across all age groups? | D15: Haemophilus influenzae | E15: Mycoplasma pneumoniae | F15: Streptococcus pneumoniae | G15: Legionella pneumophila | H15: Staphylococcus aureus | J15: =IF(ISBLANK(I15), "", IF(I15='Answer Key & Explanations'!C10, "✅ Correct", "❌ Incorrect (See Key)"))
A16: 8 | B16: Atypical Pneumonia - Features | C16: A 22-year-old college student presents with dry cough, low-grade fever, headache, myalgias, and hemolytic anemia (cold agglutinins). CXR reveals patchy bilateral interstitial infiltrates. What is the most likely pathogen? | D16: Streptococcus pneumoniae | E16: Mycoplasma pneumoniae | F16: Klebsiella pneumoniae | G16: Pseudomonas aeruginosa | H16: Mycobacterium tuberculosis | J16: =IF(ISBLANK(I16), "", IF(I16='Answer Key & Explanations'!C11, "✅ Correct", "❌ Incorrect (See Key)"))
A17: 9 | B17: Tuberculosis - Primary Diagnosis | C17: Which initial rapid diagnostic test recommended by WHO directly detects Mycobacterium tuberculosis DNA and Rifampicin resistance within 2 hours? | D17: Sputum Acid-Fast Bacilli (AFB) smear | E17: Tuberculin Skin Test (Mantoux) | F17: GeneXpert MTB/RIF assay | G17: Interferon-Gamma Release Assay (IGRA) | H17: Sputum Lowenstein-Jensen culture | J17: =IF(ISBLANK(I17), "", IF(I17='Answer Key & Explanations'!C12, "✅ Correct", "❌ Incorrect (See Key)"))
A18: 10 | B18: Tuberculosis - Anti-TB Toxicity | C18: A patient on anti-tuberculous therapy (RHZE) complains of tingling, numbness, and burning pain in both feet (peripheral neuropathy). Which medication is responsible and how is it prevented? | D18: Rifampicin; prevent with Vitamin B12 | E18: Isoniazid; prevent with Pyridoxine (Vitamin B6) | F18: Ethambutol; prevent with Vitamin C | G18: Pyrazinamide; prevent with Allopurinol | H18: Streptomycin; prevent with Calcium | J18: =IF(ISBLANK(I18), "", IF(I18='Answer Key & Explanations'!C13, "✅ Correct", "❌ Incorrect (See Key)"))
A19: 11 | B19: Tuberculosis - Side Effect Profile | C19: Which anti-TB medication is specifically associated with optic neuritis presenting as decreased visual acuity and red-green color blindness? | D19: Rifampicin | E19: Isoniazid | F19: Ethambutol | G19: Pyrazinamide | H19: Streptomycin | J19: =IF(ISBLANK(I19), "", IF(I19='Answer Key & Explanations'!C14, "✅ Correct", "❌ Incorrect (See Key)"))
A20: 12 | B20: Pleural Effusion - Light's Criteria | C20: Pleural fluid analysis reveals: Pleural/Serum Protein ratio 0.65, Pleural/Serum LDH ratio 0.80. How is this fluid classified and what is the most likely etiology? | D20: Transudate; Congestive Heart Failure | E20: Exudate; Bacterial Pneumonia or Tuberculosis | F20: Transudate; Cirrhosis with hydrothorax | G20: Transudate; Nephrotic Syndrome | H20: Exudate; Hypothyroidism | J20: =IF(ISBLANK(I20), "", IF(I20='Answer Key & Explanations'!C15, "✅ Correct", "❌ Incorrect (See Key)"))
... A38: 30 | B38: Miliary Tuberculosis - CXR Pattern | C38: A 40-year-old immunocompromised patient presents with prolonged pyrexia of unknown origin (PUO) and weight loss. CXR demonstrates tiny 1-2 mm millet-seed-like nodular opacities distributed uniformly throughout both lung fields. What is the diagnosis? | D38: Bronchopneumonia | E38: Miliary Tuberculosis | F38: Sarcoidosis Stage III | G38: Coal Workers Pneumoconiosis | H38: Pulmonary Metastases | J38: =IF(ISBLANK(I38), "", IF(I38='Answer Key & Explanations'!C33, "✅ Correct", "❌ Incorrect (See Key)"))

Sheet Answer Key & Explanations
A1: Respiratory Module - Master Answer Key & Physiological Explanations
A3: Q# | B3: Topic Focus | C3: Correct Answer | D3: Physiological & Clinical Rationale
A4: 1 | B4: Acute Severe Asthma - Red Flags | C4: B | D4: A 'silent chest' indicates near-complete airflow obstruction with critical reduction in ventilation, signaling impending respiratory arrest and life-threatening severe asthma.
A5: 2 | B5: Acute Severe Asthma - Emergency Tx | C5: B | D5: Inhaled SAMA (Ipratropium bromide) provides additive bronchodilation by blocking M3 muscarinic receptors and should be combined with SABA in acute severe asthma.
A6: 3 | B6: Asthma vs COPD - Spirometry | C6: B | D6: Significant post-bronchodilator reversibility (> 12% and > 200 mL improvement in FEV1) is characteristic of bronchial asthma, whereas COPD demonstrates fixed/irreversible obstruction.
A7: 4 | B7: COPD Exacerbation - Oxygen Target | C7: B | D7: In hypercapnic respiratory failure (Type 2) secondary to COPD, oxygen therapy must be titrated via Venturi mask to a target SpO2 of 88-92% to prevent loss of hypoxic respiratory drive.
A8: 5 | B8: COPD Exacerbation - NIV Indications | C8: B | D8: NIV (BiPAP) is indicated in COPD acute exacerbation when persistent acidotic hypercapnic respiratory failure (pH < 7.35 and PaCO2 > 45 mmHg) persists despite maximal medical therapy.
A9: 6 | B9: Pneumonia - CURB-65 Scoring | C9: C | D9: Points: Age >= 65 (+1), Confusion (+1), Urea > 7 (+1), RR >= 30 (+1), BP < 90/60 (+1) = Total Score 5 (or 4 depending on criteria), indicating severe CAP requiring urgent hospital/ICU admission.
A10: 7 | B10: Community-Acquired Pneumonia - Organisms | C10: C | D10: Streptococcus pneumoniae (pneumococcus) remains the predominant bacterial cause of community-acquired pneumonia worldwide.
A11: 8 | B11: Atypical Pneumonia - Features | C11: B | D11: Mycoplasma pneumoniae presents as 'walking pneumonia' in young adults with extrapulmonary features like IgM cold agglutinin hemolytic anemia and interstitial infiltrates.
A12: 9 | B12: Tuberculosis - Primary Diagnosis | C12: C | D12: GeneXpert MTB/RIF is a rapid automated nucleic acid amplification test that identifies M. tuberculosis DNA and detects rpoB gene mutations conferring Rifampicin resistance in under 2 hours.
A13: 10 | B13: Tuberculosis - Anti-TB Toxicity | C13: B | D13: Isoniazid inhibits pyridoxine (Vitamin B6) phosphorylation, causing peripheral neuropathy. Co-administration of Pyridoxine (10-25 mg/day) prevents this complication.
A14: 11 | B14: Tuberculosis - Side Effect Profile | C14: C | D14: Ethambutol can cause dose-dependent retrobulbar optic neuritis, manifesting as decreased visual acuity and red-green color discrimination loss; visual acuity checks are required.
A15: 12 | B15: Pleural Effusion - Light's Criteria | C15: B | D15: By Light's criteria (Pleural/Serum Protein > 0.5, Pleural/Serum LDH > 0.6), this fluid meets criteria for an EXUDATE, commonly caused by infection (pneumonia, TB) or malignancy.
... A33: 30 | B33: Miliary Tuberculosis - CXR Pattern | C33: B | D33: Miliary Tuberculosis results from hematogenous dissemination of M. tuberculosis, producing classic 1-2 mm 'millet seed' nodular lesions diffusely scattered throughout both lungs.
