Workbook

Sheet TOC
A2: Physiology Course: Interactive Quiz
A3: Interactive Excel Workbook Study Guide & Practice Exam
A5: Workbook Sections:
A6: TOC | B6: Table of Contents (This sheet)
A7: Interactive Quiz | B7: Test your knowledge. Select answers from dropdowns and get instant feedback!
A8: Answer Key | B8: Detailed explanations and notes for each of the 30 core exam questions.
A11: COLOR CODE LEGEND
A12: Input Cells (D9E1F2) | B12: Your Answer selection columns. Select A, B, C, D, or E.
A13: Correct Answer (E2EFDA) | B13: Displays when your selection is correct.
A14: Incorrect Answer (FCE4D6) | B14: Displays when your selection is incorrect.

Sheet Interactive Quiz
A2: Physiology Interactive Practice Exam
A4: SCORE CARD | D4: Instructions:
A5: Total Questions | B5: =COUNTA(C10:C39) | D5: 1. Read each question carefully.
A6: Questions Answered | B6: =COUNTIF(I10:I39, "<>") | D6: 2. Select your answer (A, B, C, D, E) from the dropdown in the 'Your Answer' column (Col I).
A7: Correct Answers | B7: =COUNTIF(J10:J39, "Correct ✅") | D7: 3. Check the feedback in the 'Result' column. Complete all questions to see your final score!
A8: Score Percentage | B8: =IF(B6>0, B7/B5, 0)
A9: Q# | B9: Category | C9: Question Text | D9: Option A | E9: Option B | F9: Option C | G9: Option D | H9: Option E | I9: Your Answer | J9: Result
A10: 1 | B10: Cell Physiology | C10: In skeletal muscle excitation-contraction coupling, what is the channel responsible for releasing Ca2+ from the sarcoplasmic reticulum? | D10: A) Voltage-gated Na+ channel | E10: B) Dihydropyridine (DHP) receptor | F10: C) Ryanodine receptor channel | G10: D) Nicotinic Acetylcholine receptor | H10: E) Ca2+ ATPase Pump | J10: =IF(ISBLANK(I10), "Pending 🟡", IF(I10='Answer Key'!D6, "Correct ✅", "Incorrect ❌"))
A11: 2 | B11: Cell Physiology | C11: Which transport process is utilized by a cell to take in large macromolecules or droplets of fluid by folding the membrane inward? | D11: A) Simple Diffusion | E11: B) Facilitated Diffusion | F11: C) Exocytosis | G11: D) Endocytosis (e.g., Pinocytosis) | H11: E) Primary Active Transport | J11: =IF(ISBLANK(I11), "Pending 🟡", IF(I11='Answer Key'!D7, "Correct ✅", "Incorrect ❌"))
A12: 3 | B12: Cell Physiology | C12: If a cell's membrane potential shifts from its resting state of -70 mV to -90 mV, the cell is said to be in a state of: | D12: A) Polarization | E12: B) Depolarization | F12: C) Repolarization | G12: D) Hyperpolarization | H12: E) Overshoot | J12: =IF(ISBLANK(I12), "Pending 🟡", IF(I12='Answer Key'!D8, "Correct ✅", "Incorrect ❌"))
A13: 4 | B13: Blood & Hemostasis | C13: According to the ABO blood group classification, which antibodies are present in the plasma of an individual with Type O blood? | D13: A) Only Anti-A | E13: B) Only Anti-B | F13: C) No antibodies | G13: D) Both Anti-A and Anti-B | H13: E) Only Rh antibodies | J13: =IF(ISBLANK(I13), "Pending 🟡", IF(I13='Answer Key'!D9, "Correct ✅", "Incorrect ❌"))
A14: 5 | B14: Blood & Hemostasis | C14: What is the immediate first step in the physiological hemostatic process following a small vessel injury? | D14: A) Blood coagulation | E14: B) Platelet plug formation | F14: C) Vascular constriction (vessel spasm) | G14: D) Fibrinolysis | H14: E) Clot retraction | J14: =IF(ISBLANK(I14), "Pending 🟡", IF(I14='Answer Key'!D10, "Correct ✅", "Incorrect ❌"))
A15: 6 | B15: Blood & Hemostasis | C15: Which of the following is a true physiological characteristic of human platelets? | D15: A) They have a lifespan of 120 days | E15: B) They are large biconcave cells | F15: C) They are non-nucleated and irregularly shaped | G15: D) They contain hemoglobin for O2 transport | H15: E) They are the primary source of erythropoietin | J15: =IF(ISBLANK(I15), "Pending 🟡", IF(I15='Answer Key'!D11, "Correct ✅", "Incorrect ❌"))
A16: 7 | B16: Blood & Hemostasis | C16: What is the primary physiological function of plasma colloid osmotic pressure? | D16: A) Prevent blood cells from shrinking | E16: B) Maintain water balance between blood and interstitial fluid (absorption) | F16: C) Provide energy for secondary active transport | G16: D) Determine the distribution of water between ICF and ECF | H16: E) Kill bacteria in the bloodstream | J16: =IF(ISBLANK(I16), "Pending 🟡", IF(I16='Answer Key'!D12, "Correct ✅", "Incorrect ❌"))
A17: 8 | B17: Cardiovascular | C17: Which event marks the onset of ventricular systole in the cardiac cycle? | D17: A) Opening of the semilunar valves | E17: B) Closure of the atrio-ventricular (AV) valves | F17: C) Closure of the semilunar valves | G17: D) Atrial contraction | H17: E) Passive ventricular filling | J17: =IF(ISBLANK(I17), "Pending 🟡", IF(I17='Answer Key'!D13, "Correct ✅", "Incorrect ❌"))
A18: 9 | B18: Cardiovascular | C18: The spontaneous Phase 4 depolarization (pacemaker potential) of the SA node is primarily due to: | D18: A) K+ efflux | E18: B) Massive Na+ influx via fast channels | F18: C) Na+ influx via 'Funny' channels (If) and T-type Ca2+ influx | G18: D) Cl- influx | H18: E) Activation of the Na+/K+ pump | J18: =IF(ISBLANK(I18), "Pending 🟡", IF(I18='Answer Key'!D14, "Correct ✅", "Incorrect ❌"))
A19: 10 | B19: Cardiovascular | C19: What are the starling forces that promote tissue fluid formation (filtration) at the capillary bed? | D19: A) Capillary hydrostatic pressure & interstitial fluid colloid osmotic pressure | E19: B) Plasma colloid osmotic pressure & interstitial fluid hydrostatic pressure | F19: C) Capillary hydrostatic pressure & plasma colloid osmotic pressure | G19: D) Interstitial fluid hydrostatic pressure & interstitial fluid colloid osmotic pressure | H19: E) Osmotic pressure of red blood cells | J19: =IF(ISBLANK(I19), "Pending 🟡", IF(I19='Answer Key'!D15, "Correct ✅", "Incorrect ❌"))
A20: 11 | B20: Cardiovascular | C20: Stimulation of the parasympathetic vagus nerve results in which effect on the heart? | D20: A) Increased heart rate | E20: B) Increased contractility | F20: C) Decreased heart rate and contractility (negative chronotropic/inotropic) | G20: D) Faster AV conduction | H20: E) Opening of more Ca2+ channels | J20: =IF(ISBLANK(I20), "Pending 🟡", IF(I20='Answer Key'!D16, "Correct ✅", "Incorrect ❌"))
A21: 12 | B21: Cardiovascular | C21: A long interval called a 'compensatory pause' follows a premature ventricular contraction because: | D21: A) The SA node is damaged | E21: B) The next normal sinus impulse arrives during the absolute refractory period | F21: C) The ventricles need to rest after extra work | G21: D) The AV node blocks the next 3 beats | H21: E) The vagus nerve is temporarily overactive | J21: =IF(ISBLANK(I21), "Pending 🟡", IF(I21='Answer Key'!D17, "Correct ✅", "Incorrect ❌"))
... A39: 30 | B39: Endocrine | C39: What is the most important physiological factor stimulating insulin secretion from pancreatic beta cells? | D39: A) Plasma amino acids | E39: B) Increased plasma glucose concentration | F39: C) Growth Hormone secretion | G39: D) Sympathetic nervous system activity | H39: E) Decreased blood pressure | J39: =IF(ISBLANK(I39), "Pending 🟡", IF(I39='Answer Key'!D35, "Correct ✅", "Incorrect ❌"))

Sheet Answer Key
A2: Physiology Practice Exam - Answer Key & Explanations
A3: Review the 'Must-Know' physiological facts below to solidify your understanding.
A5: Q# | B5: Category | C5: Question Text | D5: Correct Option | E5: Explanations & Must-Know Gists
A6: 1 | B6: Cell Physiology | C6: In skeletal muscle excitation-contraction coupling, what is the channel responsible for releasing Ca2+ from the sarcoplasmic reticulum? | D6: C | E6: The Ryanodine receptor is the Ca2+ release channel on the SR membrane. The DHP receptor acts as the voltage sensor on the T-tubule membrane.
A7: 2 | B7: Cell Physiology | C7: Which transport process is utilized by a cell to take in large macromolecules or droplets of fluid by folding the membrane inward? | D7: D | E7: Endocytosis involves infolding of the cell membrane to engulf large items or droplets. Pinocytosis is a subtype often called 'cell drinking'.
A8: 3 | B8: Cell Physiology | C8: If a cell's membrane potential shifts from its resting state of -70 mV to -90 mV, the cell is said to be in a state of: | D8: D | E8: Hyperpolarization means the membrane potential becomes more negative than the resting potential (further from 0 mV).
A9: 4 | B9: Blood & Hemostasis | C9: According to the ABO blood group classification, which antibodies are present in the plasma of an individual with Type O blood? | D9: D | E9: Type O individuals lack A and B antigens on their RBCs, so they produce both Anti-A and Anti-B antibodies in their plasma.
A10: 5 | B10: Blood & Hemostasis | C10: What is the immediate first step in the physiological hemostatic process following a small vessel injury? | D10: C | E10: Vascular constriction is the immediate first step to reduce blood flow. Platelet plug and coagulation follow.
A11: 6 | B11: Blood & Hemostasis | C11: Which of the following is a true physiological characteristic of human platelets? | D11: C | E11: Platelets are non-nucleated cell fragments with a short lifespan (7-14 days). RBCs have a 120-day lifespan.
A12: 7 | B12: Blood & Hemostasis | C12: What is the primary physiological function of plasma colloid osmotic pressure? | D12: B | E12: Plasma colloid osmotic pressure (mostly from albumin) draws water back into capillaries, opposing filtration and preventing edema.
A13: 8 | B13: Cardiovascular | C13: Which event marks the onset of ventricular systole in the cardiac cycle? | D13: B | E13: Ventricular systole begins with isovolumetric contraction. The closure of the AV valves produces the first heart sound (S1).
A14: 9 | B14: Cardiovascular | C14: The spontaneous Phase 4 depolarization (pacemaker potential) of the SA node is primarily due to: | D14: C | E14: The SA node's auto-rhythmicity is driven by funny sodium currents (If) and T-type Ca2+ channels during Phase 4.
A15: 10 | B15: Cardiovascular | C15: What are the starling forces that promote tissue fluid formation (filtration) at the capillary bed? | D15: A | E15: Capillary hydrostatic pressure (pushes fluid out) and interstitial colloid osmotic pressure (pulls fluid out) promote filtration.
A16: 11 | B16: Cardiovascular | C16: Stimulation of the parasympathetic vagus nerve results in which effect on the heart? | D16: C | E16: Vagal stimulation releases acetylcholine (ACh), which slows the heart rate and decreases contractility via muscarinic (M2) receptors.
A17: 12 | B17: Cardiovascular | C17: A long interval called a 'compensatory pause' follows a premature ventricular contraction because: | D17: B | E17: The premature contraction leaves the ventricles in their absolute refractory period when the next normal sinus impulse arrives, causing it to fail to excite.
... A35: 30 | B35: Endocrine | C35: What is the most important physiological factor stimulating insulin secretion from pancreatic beta cells? | D35: B | E35: While amino acids and parasympathetic input stimulate insulin, a rise in plasma glucose is the primary and most powerful physiological trigger.
